,GRB,z,P_bolo,P_bolo_err,S_bolo,S_bolo_err,F_beam,F_beam_err,T_lag,T_lag_err,V,V_err,E_peak,E_peak_err_min,E_peak_err_max,T_RT,T_RT_err,mu,mu_err,dL,dL_err,L,L_err,E_iso,E_iso_err,E_gamma,E_gamma_err,E_peak_err,T_lag_i,T_lag_i_err,T_RT_i,T_RT_i_err,V_i,V_i_err,E_peak_i,E_peak_i_err,E_peak_i_err_min,E_peak_i_err_max,_T_lag_i,_T_lag_i_err,_V_i,_V_i_err,_E_peak_i,_E_peak_i_err,_E_peak_i_err_min,_E_peak_i_err_max,_T_RT_i,_T_RT_i_err,log_T_lag_i,log_T_lag_i_err,log_V_i,log_V_i_err,log_E_peak_i,log_E_peak_i_err,log_E_peak_i_err_min,log_E_peak_i_err_max,log_T_RT_i,log_T_RT_i_err,log_L,log_L_err,log_E_iso,log_E_iso_err,log_E_gamma,log_E_gamma_err
115,90423,8.2,2.17e-07,1.55e-08,1.15e-06,4.73e-08,,,,,,,48.6,3.8,3.8,,,48.589058129527714,0.3878176610155751,1.5654646111609257e+29,2.7958670865099065e+28,6.682763727695734e+52,2.434297662027322e+52,3.849518276322428e+52,2.6117514108034227e+51,,,3.8,,,,,,,447.12,34.959999999999994,34.959999999999994,34.959999999999994,,,,,1.4904,0.11653333333333331,0.11653333333333331,0.11653333333333331,,,,,,,0.1733028418881862,0.033957181712599926,0.033957181712599926,0.033957181712599926,,,52.82495610670623,0.15819832707043557,52.58540638586576,0.029465225111194024,,
74,60927,5.6,4.02e-07,1.54e-08,2.37e-06,8.67e-08,,,0.12,0.04,0.094,0.01,72.0,7.0,15.0,0.46,0.12,47.64526734903298,0.30477016288911873,1.0136431697733327e+29,1.422666908450757e+28,5.190463169768071e+52,1.4704876353579223e+52,4.6364381548131796e+52,2.2262165627985344e+51,,,11.0,0.01818181818181818,0.0060606060606060615,0.0696969696969697,0.01818181818181818,0.6204,0.066,475.2,72.6,46.199999999999996,99.0,0.1818181818181818,0.060606060606060615,31.019999999999996,3.3000000000000003,1.5839999999999999,0.242,0.154,0.33,0.696969696969697,0.1818181818181818,-0.7403626894942439,0.14476482730108398,1.491641793477586,0.046201540628005515,0.19975517725347466,0.06635054584633014,0.04222307462948281,0.09047801706317747,-0.15678610386029457,0.11329421267041348,52.71520611374428,0.12303808828903467,52.66618447112804,0.020852937890292748,,
43,50814,5.3,1.04e-07,2.24e-08,3.99e-06,2.65e-07,,,,,-0.009,0.18,60.0,6.0,24.0,,,47.51183061180131,0.29365859792989707,9.532301073125966e+28,1.289098657626239e+28,1.1875139089346875e+52,4.1058508939294315e+51,7.231655214666366e+52,5.2496543012221475e+50,,,15.0,,,,,-0.05669999999999999,1.134,378.0,94.5,37.8,151.2,,,-2.8349999999999995,56.699999999999996,1.26,0.315,0.126,0.504,,,,,,8.685889638065037,0.10037054511756291,0.10857362047581294,0.043429448190325175,0.1737177927613007,,,52.07463870506592,0.15015810537753943,52.85923771200031,0.003152661219656382,,
62,60522,5.11,8.73e-08,1.45e-08,2.42e-06,1.43e-07,,,,,0.034,0.185,80.0,12.0,382.0,,,47.42373919732299,0.28643518730986806,9.153337333532585e+28,1.2074009700288496e+28,9.191429145602582e+51,2.8654030706112467e+51,4.1700662599119705e+52,4.066993906348784e+50,,,197.0,,,,,0.20774000000000004,1.13035,488.8,1203.67,73.32000000000001,2334.02,,,10.387000000000002,56.5175,1.6293333333333333,4.0122333333333335,0.24440000000000003,7.7800666666666665,,,,,1.0164901316208284,2.363072916238281,0.21200994251483538,1.0694501616867575,0.06514417228548777,2.0737561510880274,,,51.96338304368138,0.13539012511351026,52.62014295571369,0.004235599391887631,,
60,060510B,4.9,9.51e-08,1.12e-08,9.98e-06,2.62e-07,,,,,0.11,0.06,95.0,30.0,60.0,,,47.322856373557734,0.27828186580625847,8.737816162585772e+28,1.1197820309115207e+28,9.124229225598772e+51,2.5736678297763734e+51,1.6229091174584424e+53,3.984474071715513e+50,,,45.0,,,,,0.649,0.354,560.5,265.5,177.0,354.0,,,32.45,17.7,1.8683333333333334,0.885,0.59,1.18,,,,,1.5112147011363881,0.23688789921995548,0.2714543622113295,0.20571843879627716,0.13714562586418477,0.27429125172836955,,,51.96019618740713,0.12250127754220753,53.21029420011494,0.0010662550872488645,,
11,131,4.5,7.3e-07,8.3e-08,,,,,,,0.056,0.005,163.0,13.0,13.0,0.84,0.39,47.119359963657914,0.2622638300514709,7.956162069269964e+28,9.609210449336605e+27,5.806841428762498e+52,1.5502817224882793e+52,,,,,13.0,,,0.1527272727272727,0.07090909090909091,0.308,0.0275,896.5,71.5,71.5,71.5,,,15.4,1.375,2.9883333333333333,0.23833333333333334,0.23833333333333334,0.23833333333333334,1.5272727272727271,0.709090909090909,,,1.187520720836463,0.03877629302707605,0.47542903917853924,0.03463698321927775,0.03463698321927775,0.03463698321927775,0.18391659656763776,0.20163672374079547,52.76393996663024,0.11594578666075459,,,,
57,060223A,4.41,2.06e-07,1.67e-08,1.51e-06,6.54e-08,,,,,0.036,0.021,71.0,10.0,100.0,0.41,0.23,47.07132178921381,0.25857425184009075,7.782085291541795e+28,9.266739347908474e+27,1.5677220152278772e+52,3.944001800732938e+51,2.1241320845917254e+52,7.014526365848289e+50,,,55.0,,,0.07578558225508317,0.04251386321626618,0.19476,0.11361000000000002,384.11,297.55,54.1,541.0,,,9.738,5.6805,1.2803666666666667,0.9918333333333333,0.18033333333333335,1.8033333333333332,0.7578558225508316,0.42513863216266173,,,0.9884697702098755,0.2533384477768969,0.10733435910598228,0.33642530288280065,0.06116823688778194,0.6116823688778193,-0.12041340838683405,0.24362861179938522,52.1952690571013,0.10925777670002483,52.32718151891874,0.014341716863800015,,
38,50505,4.27,2.94e-07,2.99e-08,5.23e-06,2.29e-07,,,0.71,0.13,0.076,0.031,70.0,24.0,140.0,0.6,0.21,46.99480030212113,0.25277590084413687,7.512624615768475e+28,8.745266330037132e+27,2.0851656996854413e+52,5.297550065281881e+51,7.038568078428054e+52,9.373229710200792e+50,,,82.0,0.1347248576850095,0.024667931688804556,0.11385199240986718,0.03984819734345351,0.40051999999999993,0.16337,368.9,432.14,126.47999999999999,737.8,1.3472485768500948,0.24667931688804554,20.025999999999996,8.1685,1.2296666666666667,1.4404666666666666,0.4216,2.4593333333333334,1.1385199240986716,0.39848197343453506,0.12944773350652866,0.07951870795411653,1.3015942118293566,0.17714643340790537,0.08978740050714101,0.5087449645152378,0.14890096522397203,0.8685889638065035,0.05634063517109699,0.15200306866613814,52.31914057230723,0.11033639970699714,52.8474843155498,0.005783480241141535,,
55,60206,4.05,4.41e-07,1.63e-08,1.9e-06,5.83e-08,,,0.01,0.03,0.007,0.004,78.0,8.0,23.0,1.16,0.18,46.86983017528519,0.24352936038008535,7.092472549155728e+28,7.95416647174432e+27,2.7876855288979476e+52,6.33707291893076e+51,2.3783042612002873e+52,1.2496996064896452e+51,,,15.5,0.0019801980198019802,0.005940594059405941,0.22970297029702968,0.03564356435643564,0.03535,0.0202,393.9,78.27499999999999,40.4,116.14999999999999,0.019801980198019802,0.0594059405940594,1.7674999999999998,1.01,1.313,0.26091666666666663,0.13466666666666666,0.38716666666666666,2.297029702970297,0.35643564356435636,-1.7032913781186614,1.3028834457097551,0.24735942246893697,0.24816827537328676,0.11826472608947933,0.08630210858333849,0.0445430237849489,0.12806119338172808,0.36116661110825704,0.06739052305395286,52.44524378062853,0.09872547572459396,52.37626741399486,0.022820362053306342,,
41,50730,3.97,1.02e-07,1.58e-08,5.8e-06,2.25e-07,,,,,0.027,0.066,124.0,26.0,26.0,,,46.822856223541265,0.2401302302582038,6.940693608273268e+28,7.675300625521597e+27,6.174698864468519e+51,1.6672824953600947e+51,7.064594116447195e+52,2.789727916950443e+50,,,26.0,,,,,0.13419,0.32802000000000003,616.2800000000001,129.22000000000003,129.22000000000003,129.22000000000003,,,6.7095,16.401,2.054266666666667,0.4307333333333334,0.4307333333333334,0.4307333333333334,,,,,0.8266901572283383,1.061608733541282,0.3126568191759048,0.09106174620552054,0.09106174620552054,0.09106174620552054,,,51.79061578222504,0.11726751431967988,52.84908721529273,0.0017149795449994364,,
56,60210,3.91,5.37e-07,3.36e-08,1.97e-05,6.39e-07,,,0.15,0.17,0.183,0.033,149.0,35.0,400.0,0.73,0.5,46.78705909999492,0.23756954542454087,6.827212937681466e+28,7.469299941429379e+27,3.1453649773402075e+52,7.158220579287836e+51,2.3500737693227477e+53,1.4170207761114973e+51,,,217.5,0.03054989816700611,0.034623217922606926,0.14867617107942974,0.10183299389002036,0.89853,0.16203,731.59,1067.925,171.85,1964.0,0.30549898167006106,0.34623217922606925,44.926500000000004,8.1015,2.4386333333333337,3.5597499999999997,0.5728333333333333,6.546666666666667,1.4867617107942972,1.0183299389002036,-0.5149902330672873,0.49220041282368543,1.6525025861894167,0.07831539837599621,0.38714650581558013,0.6339533544560889,0.10201548232626717,1.1658912265859107,0.17224136799748738,0.2974619739063369,52.497671046744145,0.09883672388505634,53.37108149508321,0.002618659515462086,,
65,60605,3.8,8.56e-08,1.36e-08,1.58e-06,1.24e-07,0.000823,5.14e-05,,,-0.013,0.068,90.0,12.0,91.0,1.22,0.72,46.72011724257124,0.23285269663919525,6.619955605904559e+28,7.098752476482213e+27,4.714045638181663e+51,1.2581974732840686e+51,1.8127414593864453e+52,2.2428432625973745e+50,1.4918862210750445e+49,9.498570396659565e+47,51.5,,,0.25416666666666665,0.15,-0.0624,0.3264,432.0,247.2,57.599999999999994,436.8,,,-3.1199999999999997,16.32,1.44,0.824,0.19199999999999998,1.456,2.5416666666666665,1.4999999999999998,,,,2.2716942130323945,0.15836249209524964,0.24851295353352743,0.05790593092043357,0.4391199761466213,0.405118593299161,0.256304940139624,51.673393782752264,0.11591491931390326,52.25833586765395,0.0053733776963958875,49.17373570286622,0.027650746088842167
54,60115,3.53,1.3e-07,1.09e-08,3.76e-06,2.01e-07,,,,,0.019,0.029,62.0,6.0,19.0,1.11,1.71,46.548038931035435,0.2211901159619309,6.115604826258579e+28,6.229465936428013e+27,6.109871068242092e+51,1.3460240531878065e+51,3.901021432601506e+52,2.840760215377669e+50,,,12.5,,,0.24503311258278151,0.3774834437086093,0.08606999999999998,0.13137,280.85999999999996,56.62499999999999,27.179999999999996,86.07,,,4.303499999999999,6.568499999999999,0.9361999999999998,0.18874999999999997,0.09059999999999999,0.2869,2.450331125827815,3.774834437086093,,,0.6338218073016795,0.6628705250102265,-0.028631363208576777,0.08755937135146205,0.042028498248701786,0.13309024445422232,0.38922477677382566,0.6690482559050095,51.78603204576763,0.09567645737190718,52.59117833637562,0.003162572949839113,,
77,061110B,3.44,1.79e-07,2.66e-08,6.12e-06,3.38e-07,,,0.24,0.36,0.155,0.064,517.0,53.0,53.0,0.79,0.64,46.48801790414163,0.2172919622799419,5.948880011733705e+28,5.95284474006052e+27,7.960371088027415e+51,1.984293810521727e+51,6.129834296986233e+52,3.7222613910387364e+50,,,53.0,0.05405405405405406,0.08108108108108109,0.17792792792792794,0.14414414414414417,0.6881999999999999,0.28415999999999997,2295.4799999999996,235.31999999999996,235.31999999999996,235.31999999999996,0.5405405405405406,0.8108108108108109,34.41,14.207999999999998,7.651599999999998,0.7843999999999999,0.7843999999999999,0.7843999999999999,1.7792792792792793,1.4414414414414416,-0.2671717284030138,0.6514417228548777,1.53668467262093,0.17932159252779428,0.8837522584888998,0.04452148460516894,0.04452148460516894,0.04452148460516894,0.2502441211758216,0.35183350432668503,51.90093331368316,0.10825724615784331,52.78744873473421,0.0026371962177255503,,
67,60707,3.43,1.53e-07,2.12e-08,3.41e-06,1.96e-07,,,,,0.05,0.054,63.0,6.0,13.0,,,46.48126116272711,0.21685899389266525,5.930398278673939e+28,5.922526109288771e+27,6.761904252862547e+51,1.6437593916562757e+51,3.401952448732098e+52,3.1724522021178365e+50,,,9.5,,,,,0.2215,0.23922,279.09,42.084999999999994,26.58,57.589999999999996,,,11.075,11.960999999999999,0.9302999999999999,0.14028333333333332,0.0886,0.19196666666666665,,,,,1.0443437348951072,0.4690380404555119,-0.03137697904301122,0.06548885044572846,0.04136137922888113,0.08961632166257577,,,51.83006901695506,0.10557316499575668,52.53172823890689,0.00404996397288002,,
3,971214,3.42,7.5e-07,2.4e-08,,,,,0.03,0.05,0.048,0.002,190.0,20.0,20.0,,,46.47448651444258,0.21642609167482718,5.911925211484156e+28,5.892291618296115e+27,3.2940409226876654e+52,6.650272963517474e+51,,,,,20.0,0.006787330316742082,0.011312217194570137,,,0.21216,0.00884,839.8,88.4,88.4,88.4,0.06787330316742081,0.11312217194570137,10.607999999999999,0.442,2.7993333333333332,0.2946666666666667,0.2946666666666667,0.2946666666666667,,,-1.1683010146294295,0.7238241365054198,1.0256335110606978,0.018095603412635494,0.4470546155822584,0.04571520862139493,0.04571520862139493,0.04571520862139493,,,52.51772899021535,0.08767883942527072,,,,
24,30323,3.37,1.2e-07,6e-08,,,,,,,0.021,0.338,44.0,26.0,90.0,,,46.44034112248032,0.21426292491813298,5.819690020080131e+28,5.742388438161274e+27,5.1072934998088634e+51,2.745351670619066e+51,,,,,58.0,,,,,0.09177,1.47706,192.28,253.46,113.62,393.3,,,4.5885,73.853,0.6409333333333334,0.8448666666666667,0.37873333333333337,1.311,,,,,0.6616707360403599,6.990073089680909,-0.19318714126305314,0.5724790897815591,0.25662855748828517,0.8883296220748332,,,51.70819081608637,0.23344871045268,,,,
79,061222B,3.36,2.29e-07,3.15e-08,5.01e-06,2.49e-07,,,,,0.024,0.043,49.0,8.0,8.0,,,46.433456892259,0.2138306332015611,5.80126904217137e+28,5.712663109251583e+27,9.68481569305863e+51,2.3265481754644256e+51,4.859673753277488e+52,4.511872696020677e+50,,,8.0,,,,,0.10463999999999998,0.18747999999999995,213.64,34.879999999999995,34.879999999999995,34.879999999999995,,,5.231999999999999,9.373999999999997,0.7121333333333333,0.11626666666666666,0.11626666666666666,0.11626666666666666,,,,,0.7186677353162108,0.7781109467433259,-0.14743868542256278,0.07090522153522479,0.07090522153522479,0.07090522153522479,,,51.986091360290104,0.1043289894727129,52.68660711454888,0.004032125435601934,,
47,50908,3.35,9.83e-08,1.2e-08,1.09e-06,6.98e-08,,,,,-0.017,0.046,41.0,5.0,9.0,1.1,1.47,46.4265540333103,0.2133984805127855,5.782856761458506e+28,5.683023373956864e+27,4.1309339610099813e+51,9.557842248397478e+50,1.0530087387895091e+52,1.9630582848433826e+50,,,7.0,,,0.25287356321839083,0.33793103448275863,-0.07395,0.20009999999999997,178.35,30.449999999999996,21.75,39.15,,,-3.6975000000000002,10.004999999999999,0.5945,0.10149999999999998,0.0725,0.1305,2.528735632183908,3.3793103448275863,,,,1.1751497745617399,-0.22584814104528958,0.07414783837372589,0.052962741695518505,0.09533293505193331,0.4029034282035877,0.5803753530888911,51.61604825220287,0.10048376920472306,52.022431975356724,0.008096280205062593,,
73,60926,3.21,1.56e-07,1.22e-08,5.47e-07,3.8e-08,,,1.03,0.11,0.148,0.05,20.0,11.0,11.0,,,46.32789646771176,0.20736957502561382,5.526000527720264e+28,5.277176794891664e+27,5.9862700753168956e+51,1.2354785070679635e+51,4.9858239405541477e+51,2.889849138373799e+50,,,11.0,0.24465558194774348,0.026128266033254157,,,0.62308,0.21050000000000002,84.2,46.31,46.31,46.31,2.446555819477435,0.26128266033254155,31.153999999999996,10.525,0.2806666666666667,0.15436666666666668,0.15436666666666668,0.15436666666666668,,,0.38855512886950394,0.046380964086755044,1.4935138155666445,0.1467211087510986,-0.5518091632200129,0.23886196504678847,0.23886196504678847,0.23886196504678847,,,51.777156306485786,0.08963202317618124,51.697736938629085,0.025172279432496687,,
63,60526,3.21,2.33e-07,1.53e-08,3.01e-06,2.4e-07,0.00655,0.0016,0.17,0.09,0.085,0.03,25.0,5.0,5.0,0.38,0.11,46.32789646771176,0.20736957502561382,5.526000527720264e+28,5.277176794891664e+27,8.941031586851518e+51,1.80579618311587e+51,2.743570395076414e+52,4.395538826496436e+50,1.7970386087750514e+50,4.399143995138364e+49,5.0,0.040380047505938245,0.021377672209026127,0.09026128266033254,0.026128266033254157,0.35785,0.1263,105.25,21.05,21.05,21.05,0.40380047505938244,0.21377672209026125,17.8925,6.3149999999999995,0.35083333333333333,0.07016666666666667,0.07016666666666667,0.07016666666666667,0.9026128266033253,0.26128266033254155,-0.39383317445739435,0.22992060806642736,1.25267102588598,0.15328040537761828,-0.45489915021195654,0.08685889638065036,0.08685889638065036,0.08685889638065036,-0.0444984992188582,0.12571682370883605,51.95138762915734,0.08771329238143763,52.4383161078895,0.006957934306204411,50.25455740788128,0.10631513162027847
108,80516,3.2,2.77e-07,2.8e-08,5.88e-07,5.5e-08,,,0.15,0.01,0.168,0.055,66.0,24.0,24.0,,,46.32070082466352,0.2069409666313962,5.507719237126048e+28,5.248847454244693e+27,1.0559253589963059e+52,2.278108861202409e+51,5.336806868573387e+51,5.337818003480573e+50,,,24.0,0.03571428571428571,0.0023809523809523807,,,0.7056000000000001,0.231,277.2,100.80000000000001,100.80000000000001,100.80000000000001,0.3571428571428571,0.023809523809523805,35.28000000000001,11.55,0.9239999999999999,0.336,0.336,0.336,,,-0.44715803134221926,0.028952965460216785,1.5475285764597821,0.14217974109927883,-0.034328028779893334,0.15792526614663702,0.15792526614663702,0.15792526614663702,,,52.023633219976475,0.093696973859548,51.727281486590265,0.043437676524635656,,
17,20124,3.2,6.1e-07,1e-07,1.14e-05,1.1e-06,0.0041,0.00109,0.07,0.06,0.266,0.04,87.0,12.0,18.0,0.59,0.17,46.32070082466352,0.2069409666313962,5.507719237126048e+28,5.248847454244693e+27,2.325322992735547e+52,5.845897698174561e+51,1.0346870459479014e+53,1.1827720949747924e+51,4.242216888386396e+50,1.128850966539212e+50,15.0,0.016666666666666666,0.014285714285714285,0.14047619047619048,0.04047619047619048,1.1172000000000002,0.168,365.40000000000003,63.0,50.400000000000006,75.60000000000001,0.16666666666666666,0.14285714285714285,55.86000000000001,8.4,1.2180000000000002,0.21,0.168,0.252,1.4047619047619047,0.40476190476190477,-0.7781512503836436,0.37225241305993007,1.7471009313649863,0.06530744088770703,0.08564728829685662,0.0748783589488365,0.059902687159069205,0.0898540307386038,0.1476027212442437,0.12513569817551323,52.36648328592279,0.1091822994061311,53.014809011850595,0.004964509763685255,50.62759286857033,0.1155654598899136
66,060607A,3.08,2.66e-07,1.5e-08,6.33e-06,1.69e-07,,,1.98,0.11,0.025,0.008,120.0,17.0,190.0,1.23,0.68,46.232721543559826,0.20182891228404212,5.289028865321236e+28,4.9159222021360605e+27,9.350683882517062e+51,1.8164294191673384e+51,5.453876324665801e+52,4.304036221042439e+50,,,103.5,0.4852941176470588,0.02696078431372549,0.3014705882352941,0.16666666666666669,0.10200000000000001,0.03264,489.6,422.28000000000003,69.36,775.2,4.852941176470588,0.2696078431372549,5.1000000000000005,1.6320000000000001,1.6320000000000001,1.4076000000000002,0.2312,2.584,3.0147058823529407,1.6666666666666667,0.6860050271716511,0.024127471216847322,0.7075701760979364,0.13897423420904056,0.21272015441784237,0.3745789906415547,0.061525051602960665,0.6876329296801487,0.4792449483495179,0.2400977623530173,51.970843375101616,0.08436444685998233,52.736705285398024,0.003427322273988302,,
112,80607,3.04,8.35e-06,2.42e-07,0.0001,0.0,,,0.04,0.01,0.035,0.003,394.0,33.0,35.0,0.18,0.06,46.202702082971626,0.2001407147773331,5.216413919421039e+28,4.8078750889583397e+27,2.855225605669073e+53,5.327874747425624e+52,8.463940255140431e+53,1.3027773253169156e+52,,,34.0,0.009900990099009901,0.0024752475247524753,0.04455445544554455,0.01485148514851485,0.14140000000000003,0.01212,1591.76,137.36,133.32,141.4,0.099009900990099,0.02475247524752475,7.070000000000001,0.606,5.305866666666667,0.4578666666666667,0.44439999999999996,0.4713333333333333,0.4455445544554455,0.1485148514851485,-1.0043213737826426,0.10857362047581294,0.8494194137968994,0.03722524130599301,0.7247563322165167,0.03747718879368163,0.036374918535043925,0.03857945905231932,-0.35110886000729896,0.14476482730108395,53.45564042971887,0.08103971183518491,53.927572589124665,0.006684699873562926,,
83,70411,2.95,1.5e-07,1.31e-08,6.29e-06,2.19e-07,,,,,0.041,0.029,83.0,11.0,11.0,,,46.133823647193886,0.19638023216853392,5.053547567658996e+28,4.570248464877733e+27,4.813864248723918e+51,9.668812511984216e+50,5.110414535776109e+52,2.2447654342088156e+50,,,11.0,,,,,0.16195,0.11455000000000001,327.85,43.45,43.45,43.45,,,8.0975,5.727500000000001,1.0928333333333333,0.14483333333333334,0.14483333333333334,0.14483333333333334,,,,,0.9083509566822145,0.3071839018340074,0.0385539332828717,0.05755710001127434,0.05755710001127434,0.05755710001127434,,,51.68249383897985,0.0872295458191407,52.70845612974298,0.0019076519809091985,,
34,50401,2.9,1.74e-06,9.09e-08,1.69e-05,3.83e-07,0.0022,0.000752,0.06,0.02,0.187,0.019,118.0,18.0,18.0,0.25,0.16,46.094727997530825,0.19431821461459295,4.96337659022328e+28,4.441569108800746e+27,5.386585632108825e+52,1.0042875890529394e+52,1.341486843245493e+53,2.4916802169030047e+51,2.951271055140085e+50,1.0102863547229226e+50,18.0,0.015384615384615384,0.005128205128205128,0.06410256410256411,0.041025641025641026,0.7293,0.0741,460.2,70.2,70.2,70.2,0.15384615384615383,0.05128205128205128,36.464999999999996,3.705,1.534,0.234,0.234,0.234,0.6410256410256411,0.41025641025641024,-0.8129133566428556,0.14476482730108395,1.5618762178990169,0.044126177305678,0.18582535961296218,0.06624831079880111,0.06624831079880111,0.06624831079880111,-0.19312459835446155,0.27794846841808113,52.73131356834155,0.08097087616499261,53.12758641764612,0.00806659397605768,50.47000909846833,0.14866875349661515
40,50603,2.82,8.01e-06,2.42e-07,2.73e-05,5.98e-07,,,-0.01,0.01,0.125,0.014,344.0,52.0,52.0,0.19,0.01,46.03088132539061,0.19106829401773515,4.81956557425751e+28,4.240745441408259e+27,2.3380735414841822e+53,4.1747467580362613e+52,2.0860510645239977e+53,1.0854196412764501e+52,,,52.0,-0.002617801047120419,0.002617801047120419,0.04973821989528796,0.002617801047120419,0.4775,0.05348,1314.08,198.64,198.64,198.64,-0.02617801047120419,0.02617801047120419,23.875,2.674,4.3802666666666665,0.6621333333333332,0.6621333333333332,0.6621333333333332,0.4973821989528796,0.02617801047120419,,0.43429448190325176,1.377943380255784,0.048640981973164195,0.6415005507635764,0.0656491658690962,0.0656491658690962,0.0656491658690962,-0.30330976195887976,0.02285760431069746,53.3688581672871,0.07754544278396489,53.319324935331906,0.022597326056509222,,
68,60714,2.71,2.3e-07,1.42e-08,6.88e-06,2.47e-07,,,,,0.125,0.022,103.0,16.0,21.0,,,45.94034767991096,0.18672139998732504,4.622758060115349e+28,3.975034879580706e+27,6.176465629603707e+51,1.1285828895130808e+51,4.979969943943925e+52,2.924816099145477e+50,,,18.5,,,,,0.46375,0.08162,382.13,68.635,59.36,77.91,,,23.1875,4.0809999999999995,1.2737666666666667,0.22878333333333334,0.19786666666666666,0.2597,,,,,1.365253926959121,0.07643582881497231,0.10508987960055566,0.07800434869136076,0.06746322048982552,0.08854547689289599,,,51.79074002902859,0.07935563001220916,52.697226721631466,0.002550681041730757,,
110,080603B,2.69,7.57e-07,2.63e-08,7.02e-06,1.78e-07,,,0.08,0.01,0.283,0.01,85.0,18.0,55.0,0.22,0.03,45.9235287390222,0.1859489493657076,4.587091215925676e+28,3.928048030949016e+27,2.0016147659306412e+52,3.4978950572591375e+51,5.030317097096691e+52,9.391432525793225e+50,,,36.5,0.02168021680216802,0.0027100271002710027,0.05962059620596206,0.008130081300813007,1.0442699999999998,0.0369,313.65,134.685,66.42,202.95,0.2168021680216802,0.027100271002710025,52.21349999999999,1.845,1.0454999999999999,0.44895,0.2214,0.6765,0.5962059620596205,0.08130081300813007,-0.6639363791671168,0.05428681023790647,1.7177828060193694,0.01534609476689936,0.01932403715369061,0.18649115987610226,0.09196824322657098,0.28101407652563354,-0.2246036853368542,0.05922197480498888,52.30138049615557,0.07589455011529136,52.70159536262624,0.008108131643376433,,
96,71031,2.69,7.08e-08,8.61e-09,2.19e-06,1.92e-07,,,,,-0.038,0.108,24.0,7.0,7.0,,,45.923528739019275,0.1859489493657076,4.587091215919494e+28,3.928048030943722e+27,1.8720518550529384e+51,3.932237691919673e+50,1.5692869576370462e+52,9.76108936461933e+49,,,7.0,,,,,-0.14021999999999998,0.39852,88.56,25.83,25.83,25.83,,,-7.010999999999999,19.926,0.2952,0.0861,0.0861,0.0861,,,,,,1.234310632777663,-0.529883646848996,0.12666922388844842,0.12666922388844842,0.12666922388844842,,,51.2723178743441,0.09122338820493842,52.195702365335386,0.0027013461290737095,,
64,60604,2.68,5.1e-08,1.19e-08,9.82e-07,1.57e-07,,,,,0.08,0.338,40.0,5.0,5.0,,,45.91507655441954,0.18556501999726477,4.569271240934275e+28,3.904709567024995e+27,1.338054857296988e+51,3.870085222562442e+50,7.001118232446943e+51,8.509504852889621e+49,,,5.0,,,,,0.2944,1.24384,147.20000000000002,18.400000000000002,18.400000000000002,18.400000000000002,,,14.719999999999999,62.192,0.49066666666666675,0.061333333333333344,0.061333333333333344,0.061333333333333344,,,,,1.16790781000148,1.8348941860412389,-0.3092134447181823,0.05428681023790648,0.05428681023790648,0.05428681023790648,,,51.12647391891237,0.125611939412521,51.84516741192787,0.005278629611211771,,
27,30429,2.66,2e-07,5.4e-08,1.13e-06,1.9e-07,0.00576,0.00279,0.03,0.17,0.22,0.135,35.0,8.0,12.0,,,45.898085732162755,0.18480192932804707,4.5336582010477525e+28,3.8583441299822536e+27,5.1657978783755965e+51,1.6487804102324086e+51,7.974524047219159e+51,3.376884476297378e+50,4.593325851198236e+49,2.2333783640141564e+49,10.0,0.008196721311475409,0.04644808743169399,,,0.8052,0.49410000000000004,128.1,36.6,29.28,43.92,0.08196721311475408,0.4644808743169399,40.26,24.705000000000002,0.427,0.12200000000000001,0.0976,0.1464,,,-1.0863598306747484,2.4610020641184276,1.6048737705526357,0.26649888662245,-0.36957212497497616,0.12408413768664338,0.0992673101493147,0.14890096522397203,,,51.7131374095757,0.13861483760941906,51.90170477200073,0.01839059341218134,49.66212725542394,0.21116374734016227
99,80210,2.64,2.57e-07,1.95e-08,4.17e-06,1.41e-07,,,0.53,0.17,0.019,0.013,73.0,15.0,15.0,0.57,0.44,45.88097824637902,0.1840454378409481,4.498081061959905e+28,3.812396118249132e+27,6.534277027975153e+51,1.2135376151531188e+51,2.9127223678385846e+52,3.1029125513442976e+50,,,15.0,0.14560439560439561,0.046703296703296704,0.15659340659340656,0.12087912087912088,0.06916,0.04732,265.72,54.6,54.6,54.6,1.456043956043956,0.46703296703296704,3.4579999999999997,2.366,0.8857333333333334,0.182,0.182,0.182,1.5659340659340655,1.2087912087912087,0.16317448595173303,0.13930200362934492,0.5388249889379038,0.29714885603906704,-0.05269701095015053,0.08923859217190104,0.08923859217190104,0.08923859217190104,0.19477347202343528,0.33524486322356284,51.81519754292952,0.08065661856493844,52.46429909092293,0.004626523330052746,,
44,050820A,2.61,6.12e-07,3.49e-08,1.09e-05,4.66e-07,0.00673,0.00309,,,0.061,0.033,246.0,40.0,76.0,1.01,0.75,45.85509453573174,0.18292372960575834,4.444782720063884e+28,3.7442623211705385e+27,1.5193658385223901e+52,2.7024708723893648e+51,7.496011279440757e+52,7.3156268794027464e+50,5.04481559106363e+50,2.3167906826176005e+50,58.0,,,0.27977839335180055,0.20775623268698062,0.22021,0.11913,888.06,209.38,144.4,274.36,,,11.010499999999999,5.9565,2.9602,0.6979333333333333,0.48133333333333334,0.9145333333333334,2.7977839335180055,2.0775623268698062,,,1.0418070412524436,0.2349461951279887,0.4713210542893746,0.10239463394466912,0.07061698892735802,0.13417227896198025,0.44681417187698463,0.32249590240340487,52.181662357484875,0.07724724076489577,52.874830231374276,0.004238435972077072,50.70284529559825,0.19944622177429383
114,80721,2.6,9.57e-06,5.01e-07,5.99e-05,3.04e-06,,,0.13,0.05,0.048,0.009,485.0,36.0,41.0,0.09,0.04,45.846406430106434,0.18255345595336953,4.427034582291371e+28,3.7217625196647486e+27,2.356935136935534e+53,4.150549154004566e+52,4.0978873418796725e+53,1.1498600096350142e+52,,,38.5,0.036111111111111115,0.01388888888888889,0.024999999999999998,0.011111111111111112,0.1728,0.0324,1746.0,138.6,129.6,147.6,0.3611111111111111,0.1388888888888889,8.64,1.6199999999999999,5.82,0.46199999999999997,0.432,0.492,0.24999999999999997,0.1111111111111111,-0.4423591484604505,0.16703633919355837,0.9365137424788933,0.0814302153568597,0.7649229846498885,0.03447492279025813,0.03223629144024137,0.03671355414027489,-0.6020599913279624,0.1930197697347786,53.37234763086603,0.07647900725838666,53.612560014711214,0.012186227084433352,,
87,70529,2.5,3.32e-07,5.08e-08,7.44e-06,4.31e-07,,,,,0.17,0.091,180.0,52.0,52.0,,,45.757811161100065,0.17896110499986215,4.250048251861743e+28,3.5026617336821156e+27,7.535909411326597e+51,1.6948488925970164e+51,4.825057316718578e+52,3.761772359006893e+50,,,52.0,,,,,0.5950000000000001,0.3185,630.0,182.0,182.0,182.0,,,29.750000000000004,15.925,2.1,0.6066666666666667,0.6066666666666667,0.6066666666666667,,,,,1.4734869700645685,0.2324752814893877,0.3222192947339193,0.12546285032760607,0.12546285032760607,0.12546285032760607,,,51.87713566919068,0.09767414674709406,52.68350247668225,0.003385901701171768,,
22,30115,2.5,3.2e-07,5.1e-08,,,,,0.44,0.06,0.02,0.02,83.0,22.0,53.0,0.7,0.4,45.757811161100065,0.17896110499986215,4.250048251861743e+28,3.5026617336821156e+27,7.263527143447323e+51,1.6653777043660738e+51,,,,,37.5,0.12571428571428572,0.017142857142857144,0.19999999999999998,0.1142857142857143,0.07,0.07,290.5,131.25,77.0,185.5,1.2571428571428571,0.17142857142857143,3.5000000000000004,3.5000000000000004,0.9683333333333334,0.4375,0.25666666666666665,0.6183333333333333,1.9999999999999998,1.1428571428571428,0.09938463213591178,0.059221974804988885,0.5440680443502757,0.43429448190325176,-0.013975117993312877,0.1962173864020716,0.11511420002254866,0.2773205727815945,0.30102999566398114,0.24816827537328676,51.86114756380655,0.09957481165928765,,,,
91,70802,2.45,6.38e-08,9.69e-09,6.5e-07,7.05e-08,,,,,-0.156,0.15,70.0,25.0,25.0,,,45.712296470811665,0.17724908257137323,4.161893116241388e+28,3.3971959919041104e+27,1.3887126388588915e+51,3.0965227675799714e+50,4.1009641327439895e+51,7.889422300871028e+49,,,25.0,,,,,-0.5382,0.5175,241.5,86.25,86.25,86.25,,,-26.91,25.874999999999996,0.805,0.2875,0.2875,0.2875,,,,,,0.4175908479838959,-0.09420411963213146,0.15510517210830418,0.15510517210830418,0.15510517210830418,,,51.142612388092445,0.09683808683074957,51.612885970940866,0.00835494400771595,,
35,50406,2.44,4.05e-08,6.84e-09,1.41e-07,1.77e-08,,,,,0.02,0.274,25.0,13.0,35.0,,,45.70309211067213,0.17691416978342694,4.144289167345298e+28,3.3764346909048465e+27,8.741077857100285e+50,2.0513466984702622e+50,8.84648275804723e+50,5.22664405318221e+49,,,24.0,,,,,0.0688,0.9425600000000001,86.0,82.56,44.72,120.39999999999999,,,3.44,47.128,0.2866666666666667,0.2752,0.14906666666666665,0.4013333333333333,,,,,0.5365584425715301,5.94983440207455,-0.5426228034760947,0.41692270262712167,0.2258331305896909,0.6080122746645524,,,50.94156498853014,0.10191975934551702,50.94677063539932,0.025658815297013443,,
72,60908,2.43,6.69e-07,3.36e-08,7.68e-06,1.85e-07,,,0.26,0.06,0.061,0.008,151.0,25.0,112.0,0.52,0.09,45.69385332124647,0.17658187226287814,4.126694249140407e+28,3.3557847365511695e+27,1.431662229094733e+52,2.4369213945499265e+51,4.791610959069299e+52,6.862467619515146e+50,,,68.5,0.07580174927113703,0.017492711370262388,0.15160349854227406,0.026239067055393583,0.20923,0.027440000000000003,517.9300000000001,234.955,85.75,384.16,0.7580174927113703,0.17492711370262387,10.4615,1.372,1.7264333333333335,0.7831833333333333,0.28583333333333333,1.2805333333333335,1.5160349854227406,0.26239067055393583,-0.1203207720719525,0.100221803516135,1.0195939593895562,0.056956653364360905,0.23714981261627752,0.19701438417465394,0.07190305991775692,0.322125708431551,0.1807092235920287,0.07516635263710125,52.15584056731303,0.07392396704872346,52.68048154953395,0.006219895239520986,,
105,080413A,2.43,1.22e-06,2.65e-08,9.86e-06,1.71e-07,,,0.13,0.03,0.078,0.004,170.0,24.0,48.0,0.23,0.03,45.69385332124647,0.17658187226287814,4.126694249140407e+28,3.3557847365511695e+27,2.610804065015806e+52,4.283859840069001e+51,6.151729694846783e+52,1.2449651198960784e+51,,,36.0,0.037900874635568516,0.008746355685131194,0.06705539358600583,0.008746355685131194,0.26754,0.013720000000000001,583.1,123.48,82.32000000000001,164.64000000000001,0.37900874635568516,0.08746355685131194,13.376999999999999,0.686,1.9436666666666667,0.4116,0.27440000000000003,0.5488000000000001,0.6705539358600583,0.08746355685131194,-0.4213507677359337,0.100221803516135,1.1263587270692696,0.022271511892474453,0.288621786701382,0.09196824322657098,0.061312162151047324,0.12262432430209465,-0.17356628402517763,0.05664710633520675,52.416774280219954,0.07125991240471163,52.78899724444365,0.008789096864672196,,
100,80310,2.43,1.83e-07,1.72e-08,5.49e-06,2.9e-07,,,,,0.038,0.021,28.0,6.0,6.0,0.41,0.55,45.69385332124881,0.17658187226287814,4.126694249144847e+28,3.355784736554779e+27,3.916206097532135e+51,7.356323619504551e+50,3.425253146529564e+52,1.952407444315582e+50,,,6.0,,,0.11953352769679298,0.16034985422740525,0.13034,0.07203000000000001,96.04,20.580000000000002,20.580000000000002,20.580000000000002,,,6.517,3.6015000000000006,0.3201333333333334,0.06860000000000001,0.06860000000000001,0.06860000000000001,1.1953352769679297,1.6034985422740524,,,0.8140477209955995,0.2400048452623234,-0.4946691033346727,0.09306310326498253,0.09306310326498253,0.09306310326498253,0.07748973667696489,0.5825901586507037,51.59286553927657,0.08157922937351657,52.534692673953465,0.0024754952209946656,,
51,051109A,2.35,8.3e-07,8.83e-08,6.1e-06,4.58e-07,,,,,-0.006,0.025,161.0,35.0,130.0,0.7,1.25,45.61867008268444,0.17402406667305653,3.986260214030862e+28,3.1946305659817097e+27,1.6573691339735564e+52,3.1883677877696697e+51,3.6360193192730423e+52,8.756657165246785e+50,,,82.5,,,0.208955223880597,0.3731343283582089,-0.0201,0.08375,539.35,276.375,117.25,435.5,,,-1.005,4.1875,1.7978333333333334,0.92125,0.3908333333333333,1.4516666666666667,2.08955223880597,3.731343283582089,,,,1.8095603412635493,0.2547494283490325,0.2225422034597408,0.09441184389201124,0.35067256302747035,0.32005323297741156,0.7755258605415211,52.219419246496464,0.083547503577953,52.56062618209432,0.010459152036479239,,
80,70110,2.35,1.12e-07,1.36e-08,4.04e-06,1.64e-07,,,,,-0.01,0.031,110.0,30.0,30.0,,,45.61867008268444,0.17402406667305653,3.986260214030862e+28,3.1946305659817097e+27,2.236449915723353e+51,4.497169132929366e+50,2.4081177130923103e+52,1.1038232346941993e+50,,,30.0,,,,,-0.0335,0.10385,368.5,100.5,100.5,100.5,,,-1.675,5.1925,1.2283333333333333,0.335,0.335,0.335,,,,,,1.3463128939000806,0.08931623747540782,0.11844394960997778,0.11844394960997778,0.11844394960997778,,,51.34955917679058,0.08733018007180142,52.381677712194154,0.00199070143962648,,
20,21004,2.32,2.3e-07,5.5e-08,3.61e-06,8.6e-07,0.0104,0.00256,0.71,0.19,0.035,0.067,80.0,23.0,53.0,1.23,0.96,45.5898737869611,0.17311469241358696,3.933746648465475e+28,3.1360718105268675e+27,4.4725012626683703e+51,1.2854525819018414e+51,2.1144224146454713e+52,3.8617266595464854e+50,2.19899931123129e+50,5.42780030613759e+49,38.0,0.21385542168674698,0.057228915662650606,0.3704819277108434,0.2891566265060241,0.11620000000000001,0.22244,265.59999999999997,126.16,76.36,175.95999999999998,2.13855421686747,0.572289156626506,5.8100000000000005,11.122,0.8853333333333332,0.4205333333333333,0.25453333333333333,0.5865333333333332,3.7048192771084336,2.8915662650602405,0.330120265015039,0.11621965008678568,0.7641761323903308,0.8313637225005105,-0.05289318402368263,0.20628987890404463,0.12485966354718492,0.28772009426090434,0.5687670277353616,0.3389615468513184,51.65055047184865,0.12482164459696254,52.32519175403268,0.007931842602703977,50.34222509333146,0.10719711051243709
84,70506,2.31,1.67e-07,1.38e-08,5.16e-07,3.43e-08,,,2.52,0.04,0.01,0.03,31.0,3.0,2.0,0.12,0.06,45.58019956409458,0.17281807517996228,3.916260220820012e+28,3.116781729760684e+27,3.2186178673567353e+51,5.772374740892341e+50,3.0045169230531245e+51,1.6773173131847547e+50,,,2.5,0.7613293051359517,0.012084592145015106,0.036253776435045314,0.018126888217522657,0.033100000000000004,0.0993,102.61,8.275,9.93,6.62,7.613293051359516,0.12084592145015105,1.6550000000000002,4.965,0.34203333333333336,0.027583333333333335,0.0331,0.02206666666666667,0.3625377643504531,0.18126888217522655,0.8815725470058253,0.00689356320481352,0.2187979981117376,1.3028834457097551,-0.465931567109671,0.03502374854058482,0.04202849824870178,0.028018998832467855,-0.440646747728094,0.2171472409516259,51.507669417832034,0.07788779534446683,51.47777465453594,0.024245150623970948,,
48,050922C,2.2,1.93e-06,5.18e-08,5.09e-06,1.03e-07,,,0.06,0.01,0.015,0.003,198.0,22.0,38.0,0.13,0.01,45.47118574656838,0.16979109156011238,3.7245068540626317e+28,2.912254751674658e+27,3.3643775682221e+52,5.338251861074902e+51,2.7727787924628385e+52,1.6578724993783628e+51,,,30.0,0.01875,0.0031249999999999997,0.040625,0.0031249999999999997,0.048,0.009600000000000001,633.6,96.0,70.4,121.60000000000001,0.18749999999999997,0.031249999999999997,2.4,0.48000000000000004,2.112,0.32,0.2346666666666667,0.4053333333333334,0.40625,0.031249999999999997,-0.7269987279362624,0.07238241365054196,0.38021124171160603,0.08685889638065036,0.32469391386177465,0.06580219422776543,0.048254942433694645,0.08334944602183621,-0.3912066260130692,0.033407267838711674,52.52690472868174,0.06890942765082503,52.442915223690825,0.02596690656089634,,
92,070810A,2.17,2.77e-07,1.77e-08,1.59e-06,8.43e-08,,,1.09,0.23,-0.006,0.015,44.0,9.0,9.0,0.73,0.22,45.440592086974185,0.16904770330526303,3.6724005681371295e+28,2.8589397633600305e+27,4.69450412387571e+51,7.900887153800209e+50,8.500565496660229e+51,2.4357843577590966e+50,,,9.0,0.3438485804416404,0.07255520504731862,0.2302839116719243,0.0694006309148265,-0.01902,0.047549999999999995,139.48,28.53,28.53,28.53,3.4384858044164037,0.7255520504731862,-0.951,2.3774999999999995,0.4649333333333333,0.0951,0.0951,0.0951,2.302839116719243,0.6940063091482649,0.5363672357228721,0.09164012003463111,,1.0857362047581294,-0.3326093160157235,0.08883296220748334,0.08883296220748334,0.08883296220748334,0.3622635979027044,0.1308832685187882,51.67158972490074,0.07309210094383475,51.92944781793899,0.012444439209328457,,
14,926,2.07,2.9e-06,2.9e-07,,,,,,,0.326,0.034,100.0,7.0,7.0,,,45.335748401402995,0.16686230446287706,3.4993010637913078e+28,2.688965500803628e+27,4.4624203712157474e+52,8.182105933999757e+51,,,,,7.0,,,,,1.00082,0.10438,307.0,21.49,21.49,21.49,,,50.041000000000004,5.219,1.0233333333333334,0.07163333333333333,0.07163333333333333,0.07163333333333333,,,,,1.6993259798811444,0.04529451651751706,0.010017120757524088,0.030400613733227617,0.030400613733227617,0.030400613733227617,,,52.64957047950677,0.0796304059654479,,,,
88,70611,2.04,1.45e-07,2.25e-08,9.52e-07,8.44e-08,,,,,0.053,0.08,92.0,30.0,30.0,,,45.30339315406547,0.1663027715866359,3.4475475060795746e+28,2.6403131024139996e+27,2.1657004406992973e+51,4.722005956985162e+50,4.677284073379607e+51,1.2607895214481546e+50,,,30.0,,,,,0.16111999999999999,0.2432,279.68,91.2,91.2,91.2,,,8.056,12.16,0.9322666666666667,0.304,0.304,0.304,,,,,0.9061194575455616,0.6555388406086821,-0.030459843765353416,0.14161776583801688,0.14161776583801688,0.14161776583801688,,,51.33559838490778,0.09469181850333659,51.66999374744852,0.011706664025876362,,
53,60108,2.03,1.22e-07,1.16e-08,8.62e-07,5.26e-08,,,,,0.006,0.04,65.0,10.0,600.0,,,45.292511478876825,0.16612690003484576,3.430314383033486e+28,2.6243367960878103e+27,1.804004195681894e+51,3.2498218332159885e+50,4.2067078306492254e+51,9.807562687930497e+49,,,305.0,,,,,0.018179999999999998,0.12119999999999999,196.95,924.15,30.299999999999997,1817.9999999999998,,,0.9089999999999999,6.06,0.6565,3.0805,0.10099999999999999,6.06,,,,,-0.04143611677803259,2.8952965460216786,-0.18276526957450187,2.0378433381614123,0.06681453567742335,4.008872140645401,,,51.25623754327209,0.07823594272744622,51.62394234991976,0.010125187029285762,,
23,30226,1.98,2.6e-07,4.7e-08,8.33e-06,9.8e-07,0.00272,0.000682,0.31,0.22,0.033,0.029,97.0,17.0,27.0,1.76,1.15,45.2373576876738,0.16533132344605067,3.3442841153896002e+28,2.546267299339717e+27,3.654176699843075e+51,8.636963907851096e+50,3.9286644178746533e+52,2.3596237665966314e+50,1.0685967216619058e+50,2.6801177353992946e+49,22.0,0.1040268456375839,0.0738255033557047,0.5906040268456376,0.3859060402684564,0.09834000000000001,0.08642000000000001,289.06,65.56,50.66,80.46,1.0402684563758389,0.738255033557047,4.917000000000001,4.321000000000001,0.9635333333333334,0.21853333333333333,0.16886666666666666,0.2682,5.906040268456376,3.8590604026845634,0.017145429758017423,0.30820898715714645,0.6917002082901615,0.38165272652103943,-0.01613325637716234,0.09849977940073751,0.07611346590056989,0.12088609290090513,0.7712964037378947,0.28377196260723836,51.562789544086954,0.10264927160578631,52.59424493344667,0.00260844773745035,50.02881383748087,0.10892419186208392
102,080319C,1.95,2.22e-06,7.79e-08,1.77e-05,2.99e-07,,,,,0.042,0.007,307.0,56.0,85.0,0.21,0.12,45.20365155194338,0.16492429311981666,3.2927741139415803e+28,2.500876551620674e+27,3.0247307138160595e+52,4.715592439181333e+51,8.174947875178539e+52,1.5670904645813997e+51,,,70.5,,,0.07118644067796609,0.04067796610169491,0.12390000000000001,0.02065,905.6500000000001,207.97500000000002,165.20000000000002,250.75000000000003,,,6.195,1.0325,3.0188333333333337,0.69325,0.5506666666666667,0.8358333333333334,0.7118644067796609,0.4067796610169491,,,0.7920413107120823,0.07238241365054196,0.4798391367356871,0.09973212043706596,0.07921984034717297,0.12024440052695896,-0.1476027212442438,0.24816827537328676,52.48068671627461,0.06770704465976765,52.91248499220762,0.008325175301451588,,
33,50315,1.95,2.79e-07,1.93e-08,7.52e-06,2.07e-07,,,,,0.032,0.016,39.0,7.0,7.0,1.97,1.62,45.20365155194338,0.16492429311981666,3.2927741139415803e+28,2.500876551620674e+27,3.801350761958021e+51,6.344857210284331e+50,3.473198193296193e+52,1.9892641993018093e+50,,,7.0,,,0.6677966101694914,0.5491525423728814,0.09440000000000001,0.047200000000000006,115.05000000000001,20.650000000000002,20.650000000000002,20.650000000000002,,,4.720000000000001,2.3600000000000003,0.38350000000000006,0.06883333333333334,0.06883333333333334,0.06883333333333334,6.677966101694914,5.491525423728813,,,0.6739419986340879,0.21714724095162588,-0.4162346317150002,0.07795029162366057,0.07795029162366057,0.07795029162366057,0.8246442101834299,0.35713556379861316,51.57993794509757,0.07248835078484597,52.54072956643745,0.002487409058521271,,
42,50802,1.71,5.47e-07,5.32e-08,5.24e-06,2.5e-07,,,,,0.07,0.036,121.0,28.0,28.0,2.03,1.02,44.91551456540729,0.16390840339451462,2.8835968444161376e+28,2.1766141385466714e+27,5.715658512359364e+51,1.0264274173680004e+51,2.0204166709231209e+52,3.33922635198847e+50,,,28.0,,,0.7490774907749077,0.3763837638376384,0.1897,0.09756,327.90999999999997,75.88,75.88,75.88,,,9.485,4.877999999999999,1.0930333333333333,0.25293333333333334,0.25293333333333334,0.25293333333333334,7.490774907749077,3.763837638376384,,,0.9770373352246814,0.22335144783595803,0.038633406471193364,0.10049789663876901,0.10049789663876901,0.10049789663876901,0.8745267470388072,0.21821693179375215,51.75706627354297,0.07799132199259373,52.30544094331886,0.007177764860908238,,
111,80605,1.64,5.99e-06,1.1e-07,4.72e-05,4.32e-07,,,0.11,0.01,0.057,0.003,246.0,11.0,14.0,0.22,0.01,44.82448727037102,0.16449409865387135,2.765216136693989e+28,2.0947157053215705e+27,5.755656293568559e+52,8.783911733261468e+51,1.7179325204661556e+53,3.30908527879323e+51,,,12.5,0.04166666666666667,0.0037878787878787884,0.08333333333333334,0.0037878787878787884,0.15047999999999997,0.00792,649.4399999999999,32.99999999999999,29.039999999999996,36.959999999999994,0.4166666666666667,0.03787878787878788,7.523999999999998,0.39599999999999996,2.1647999999999996,0.10999999999999997,0.09679999999999998,0.12319999999999998,0.8333333333333334,0.03787878787878788,-0.38021124171160603,0.039481316536659254,0.8764487868783412,0.022857604310697464,0.33541777925354765,0.022067809039799376,0.019419671955023456,0.024715946124575304,-0.0791812460476248,0.019740658268329627,52.76009485158434,0.06627922517790705,53.23500610095928,0.008365389557543424,,
7,990510,1.62,3.3e-06,1.2e-07,2.85e-05,2.9e-06,0.00213,0.000319,0.03,0.01,0.118,0.001,126.0,10.0,10.0,0.13,0.01,44.79782553192276,0.16474588575194662,2.7314718863203473e+28,2.0723208517239818e+27,3.093978373362458e+52,4.827627583617116e+51,1.0198748975344672e+53,2.1574749160586424e+51,2.172333531748415e+50,3.285695749887123e+49,10.0,0.011450381679389311,0.003816793893129771,0.04961832061068702,0.003816793893129771,0.30916,0.0026200000000000004,330.12,26.200000000000003,26.200000000000003,26.200000000000003,0.11450381679389311,0.038167938931297704,15.457999999999998,0.131,1.1004,0.08733333333333335,0.08733333333333335,0.08733333333333335,0.4961832061068702,0.038167938931297704,-0.9411800366000831,0.14476482730108392,1.1891533029618897,0.003680461711044507,0.04155058171764594,0.03446781602406761,0.03446781602406761,0.03446781602406761,-0.3043579390129087,0.03340726783871167,52.49051727369361,0.06776427522246374,53.008546902504484,0.009187199853178896,50.336926505943225,0.06568786572292366
5,990123,1.61,1.3e-05,5e-07,0.000311,3.1e-05,0.00241,0.00069,0.07,0.01,0.059,0.003,604.0,60.0,60.0,,,44.7843813416989,0.1648864521473453,2.7146128268507696e+28,2.0612874288041822e+27,1.203840666649251e+53,1.885945503881986e+52,1.1034319107807752e+54,8.37875450972303e+51,2.659270904981668e+51,7.61635745358156e+50,60.0,0.02681992337164751,0.0038314176245210726,,,0.15399000000000002,0.007830000000000002,1576.4400000000003,156.60000000000002,156.60000000000002,156.60000000000002,0.2681992337164751,0.038314176245210725,7.6995000000000005,0.39150000000000007,5.254800000000001,0.5220000000000001,0.5220000000000001,0.5220000000000001,,,-0.5715424673240241,0.06204206884332168,0.8864625233164439,0.02208277026626704,0.7205561912397505,0.04314183595065415,0.04314183595065415,0.04314183595065415,,,53.08056901003301,0.06803688795344817,54.04274553941473,0.00329775386522934,51.4247625819896,0.1243852970412571
52,51111,1.55,7.61e-07,3.65e-08,1.38e-05,2.76e-07,,,1.7,0.07,0.009,0.004,220.0,48.0,1703.0,1.8,0.24,44.70207103077498,0.16594295747525226,2.6136404005934574e+28,1.997332390458051e+27,6.532601858666652e+51,1.0464458129413972e+51,4.645585305691675e+52,3.94882008320325e+50,,,875.5,0.6666666666666667,0.027450980392156866,0.7058823529411765,0.09411764705882353,0.022949999999999998,0.010199999999999999,561.0,2232.5249999999996,122.39999999999999,4342.65,6.666666666666667,0.27450980392156865,1.1475,0.5099999999999999,1.87,7.441749999999999,0.408,14.475499999999998,7.0588235294117645,0.9411764705882353,0.8239087409443188,0.017882713960722135,0.05975269420929884,0.19301976973477855,0.27184160653649897,1.7282946313922585,0.09475515968798219,3.361834103096535,0.8487323246693509,0.05790593092043358,51.81508619012718,0.0695688566368517,52.66704043932389,0.0036915709416912197,,
109,80520,1.55,8.23e-08,1e-08,1.59e-07,3e-08,,,,,0.037,0.098,12.0,5.0,5.0,,,44.702071030773226,0.16594295747525226,2.6136404005913432e+28,1.9973323904564356e+27,7.064824349111639e+50,1.379426957317352e+50,5.352522200027402e+50,6.727266662848119e+49,,,5.0,,,,,0.09434999999999999,0.24989999999999998,30.599999999999998,12.75,12.75,12.75,,,4.717499999999999,12.495,0.102,0.0425,0.0425,0.0425,,,,,0.673711908836969,1.150293492608613,-0.9913998282380825,0.18095603412635494,0.18095603412635494,0.18095603412635494,,,50.84910136856818,0.08479722724130417,50.7285584772424,0.05458388925414797,,
25,30328,1.52,1.6e-06,1.1e-07,6.14e-05,2.4e-06,0.00196,0.000492,0.08,0.08,0.024,0.003,130.0,13.0,14.0,1.69,0.81,44.65981394031226,0.16661377247603842,2.5632703654509296e+28,1.9667583322366652e+27,1.3210482492106322e+52,2.2213888730036404e+51,2.0117153398197623e+53,8.301471958368212e+50,3.942962066046734e+50,9.898976779746888e+49,13.5,0.031746031746031744,0.031746031746031744,0.6706349206349206,0.32142857142857145,0.06048,0.00756,327.6,34.02,32.76,35.28,0.31746031746031744,0.31746031746031744,3.024,0.378,1.092,0.11340000000000001,0.10919999999999999,0.11760000000000001,6.706349206349206,3.2142857142857144,-0.49831055378960054,0.4342944819032518,0.4805817868291689,0.05428681023790648,0.03822263836871846,0.045099811582260764,0.043429448190325175,0.046770174974196346,0.8264861638321294,0.20815297653351122,52.12091867982745,0.07302813733587891,53.303566527531146,0.001792143943942341,50.59582259888762,0.10903150778325393
103,80330,1.51,1.33e-07,1.8e-08,8.77e-07,1.26e-07,,,,,0.109,0.06,20.0,9.0,9.0,,,44.645558076898816,0.16685933191787683,2.5464974398645186e+28,1.9567684106151466e+27,1.0837971203903876e+51,2.2194029742223033e+50,2.8472278542442862e+51,9.084063063292098e+49,,,9.0,,,,,0.27359,0.15059999999999998,50.199999999999996,22.589999999999996,22.589999999999996,22.589999999999996,,,13.679499999999999,7.529999999999999,0.1673333333333333,0.07529999999999999,0.07529999999999999,0.07529999999999999,,,,,1.1360702237576805,0.23906118269903767,-0.7764175375746432,0.19543251685646332,0.19543251685646332,0.19543251685646332,,,51.034947992773226,0.0889349534788596,51.45442222369115,0.013856138895831488,,
59,060502A,1.51,3.72e-07,2.81e-08,6.59e-06,1.77e-07,,,4.9,0.11,0.004,0.01,156.0,33.0,400.0,2.94,1.19,44.645558076898816,0.16685933191787683,2.5464974398645186e+28,1.9567684106151466e+27,3.031372396881385e+51,5.191037091000218e+50,2.1394790831778615e+52,1.8841912477362676e+50,,,216.5,1.9521912350597612,0.043824701195219126,1.1713147410358566,0.47410358565737054,0.010039999999999999,0.025099999999999997,391.55999999999995,543.415,82.83,1003.9999999999999,19.52191235059761,0.43824701195219123,0.5019999999999999,1.255,1.3052,1.8113833333333331,0.2761,3.3466666666666662,11.713147410358566,4.741035856573705,1.2905223585474754,0.009749467961093407,-0.2992962828549808,1.0857362047581296,0.11567706511583727,0.6027227905900898,0.09186998655645712,1.1135755946237225,1.068673608931119,0.17578586172274477,51.48163929168804,0.07437023462692424,52.330308044919114,0.003824734105494578,,
58,60418,1.49,1.49e-06,4.85e-08,2.62e-05,4.85e-07,,,0.22,0.03,0.104,0.008,230.0,20.0,20.0,0.67,0.08,44.61678450747274,0.1673841423123979,2.5129770941582e+28,1.937084319897378e+27,1.1824238810421473e+52,1.8630900336310006e+51,8.350046005041443e+52,7.3734761675341034e+50,,,20.0,0.08835341365461846,0.012048192771084336,0.26907630522088355,0.0321285140562249,0.25896,0.019920000000000004,572.7,49.800000000000004,49.800000000000004,49.800000000000004,0.8835341365461846,0.12048192771084336,12.948,0.9960000000000002,1.9090000000000003,0.166,0.166,0.166,2.6907630522088355,0.32128514056224894,-0.053776666273530165,0.059221974804988885,1.1122026907305356,0.03340726783871168,0.28080592839366686,0.037764737556804505,0.037764737556804505,0.037764737556804505,0.4298754556050901,0.05185605754068676,52.07277319244799,0.06842975128189635,52.92168886825972,0.0038350208011689924,,
15,10222,1.48,2.3e-05,7.2e-07,0.000245,9.1e-06,0.0014,0.0001,,,0.143,0.004,309.0,12.0,12.0,0.45,0.01,44.602264527503166,0.1676636483667017,2.496229630551524e+28,1.927387910549451e+27,1.80097120064248e+53,2.837699253956389e+52,7.735588081300975e+53,1.1534060330093602e+52,1.0829823313821365e+51,7.902328776914512e+49,12.0,,,0.1814516129032258,0.004032258064516129,0.35463999999999996,0.00992,766.32,29.759999999999998,29.759999999999998,29.759999999999998,,,17.731999999999996,0.496,2.5544000000000002,0.0992,0.0992,0.0992,1.814516129032258,0.04032258064516129,,,1.2487577226272968,0.012148097395895157,0.4072889055313885,0.01686580512245638,0.01686580512245638,0.01686580512245638,0.2587608329491274,0.009650988486738928,53.25550676806548,0.06842958548446458,53.8884933355862,0.006475498310732704,51.034621371264436,0.03168969319766554
97,71117,1.33,2.71e-06,5.83e-08,7.97e-06,2.02e-07,,,0.6,0.01,0.009,0.003,278.0,48.0,143.0,0.2,0.02,44.37290632673026,0.17331791158087978,2.2460162488980507e+28,1.7926769132767882e+27,1.7179279384188086e+52,2.7671485981091152e+51,2.168393277037503e+52,1.1917200834157777e+51,,,95.5,0.2575107296137339,0.004291845493562232,0.08583690987124463,0.008583690987124463,0.02097,0.0069900000000000006,647.74,222.51500000000001,111.84,333.19,2.5751072961373387,0.04291845493562232,1.0485,0.34950000000000003,2.1591333333333336,0.7417166666666667,0.3728,1.1106333333333334,0.8583690987124463,0.08583690987124463,0.4107953293576246,0.007238241365054197,0.020568434801362646,0.14476482730108395,0.33427946222443283,0.14919109000633288,0.07498609759480607,0.22339608241785971,-0.06632592536203782,0.04342944819032518,52.23500494261312,0.06995388688254366,52.336138052108815,0.023868246672847614,,
6,990506,1.31,1.1e-05,1.5e-07,,,,,0.04,0.01,0.337,0.001,283.0,30.0,30.0,0.13,0.01,44.340545735700154,0.1742924301642103,2.2127929324484923e+28,1.7760900666131592e+27,6.768370134722726e+52,1.0904345060206716e+52,,,,,30.0,0.017316017316017316,0.004329004329004329,0.05627705627705628,0.004329004329004329,0.7784700000000001,0.00231,653.73,69.3,69.3,69.3,0.17316017316017315,0.04329004329004329,38.923500000000004,0.11549999999999999,2.1791,0.23099999999999998,0.23099999999999998,0.23099999999999998,0.5627705627705628,0.04329004329004329,-0.7615519885641819,0.10857362047581294,1.5902118850995017,0.0012887076614339814,0.3382771606967721,0.04603828430069806,0.04603828430069806,0.04603828430069806,-0.2496686275853075,0.033407267838711674,52.8304841004849,0.0699680542605367,,,,
78,61121,1.31,8.04e-06,1.07e-07,6.53e-05,5.76e-07,,,0.03,0.01,0.05,0.003,606.0,44.0,55.0,0.98,0.19,44.340545735700154,0.1742924301642103,2.2127929324484923e+28,1.7760900666131592e+27,4.947063262106429e+52,7.968728298347916e+51,1.7393725690570407e+53,3.443058013089996e+51,,,49.5,0.012987012987012986,0.004329004329004329,0.4242424242424242,0.08225108225108226,0.1155,0.00693,1399.8600000000001,114.345,101.64,127.05,0.12987012987012986,0.04329004329004329,5.775,0.34650000000000003,4.666200000000001,0.38115,0.3388,0.4235,4.242424242424241,0.8225108225108225,-0.886490725172482,0.14476482730108392,0.7615519885641819,0.026057668914195108,0.6689633493387681,0.03547454926437452,0.03153293267944402,0.039416165849305025,0.6276140958003504,0.08419995057307945,52.69434746407513,0.06995614457303731,53.240392616709606,0.00859678439546969,,
31,50126,1.29,1.07e-07,1.56e-08,1.99e-06,1.15e-07,,,2.74,0.02,-0.01,0.065,47.0,8.0,23.0,1.58,1.91,44.30772718137191,0.17532230339617857,2.179601332742977e+28,1.759786237518935e+27,6.387747950295943e+50,1.3896998594141181e+50,5.18778044365544e+51,4.78403219754586e+49,,,15.5,1.1965065502183407,0.008733624454148471,0.6899563318777293,0.834061135371179,-0.0229,0.14885,107.63,35.495,18.32,52.67,11.965065502183407,0.08733624454148471,-1.145,7.442500000000001,0.3587666666666667,0.11831666666666665,0.061066666666666665,0.17556666666666668,6.899563318777293,8.34061135371179,1.0779150804805,0.0031700327146222756,,2.822914132371137,-0.445187914444057,0.14322477594681704,0.07392246500480881,0.21252708688882535,0.8388216046145347,0.5250015572374751,50.805347771280594,0.0944838439370975,51.7149815876652,0.004004947409026566,,
75,61007,1.26,7.2e-06,1.11e-07,0.000224,1.72e-06,,,0.11,0.01,0.066,0.003,399.0,11.0,12.0,0.38,0.02,44.25761009312049,0.17697335521724614,2.129872700956958e+28,1.735830105057335e+27,4.104399771180136e+52,6.719966594544321e+51,5.650107846265675e+53,2.963508222362463e+51,,,11.5,0.04867256637168142,0.004424778761061948,0.168141592920354,0.008849557522123895,0.14916,0.00678,901.7399999999999,25.99,24.86,27.119999999999997,0.4867256637168142,0.044247787610619475,7.457999999999999,0.33899999999999997,3.0058,0.08663333333333333,0.08286666666666666,0.0904,1.6814159292035398,0.08849557522123895,-0.31271575398917584,0.039481316536659254,0.8726223790252884,0.019740658268329627,0.4779600801144867,0.012517259503477181,0.011973030829412956,0.013061488177541406,0.22567515746940922,0.022857604310697468,52.61324965472608,0.07110526686696618,53.752056737481574,0.002277895047432718,,
19,20813,1.25,3.8e-06,2.6e-07,0.000159,2.9e-06,0.00114,0.000292,0.15,0.01,0.164,0.004,140.0,13.0,14.0,0.59,0.05,44.2406599442267,0.1775526047875051,2.113311991547137e+28,1.7279706027278198e+27,2.132655442557667e+52,3.780528231480648e+51,3.965990823001977e+53,1.559643734421337e+51,4.521229538222254e+50,1.1582058007427427e+50,13.5,0.06666666666666667,0.0044444444444444444,0.2622222222222222,0.022222222222222223,0.369,0.009000000000000001,315.0,30.375,29.25,31.5,0.6666666666666666,0.04444444444444444,18.45,0.45000000000000007,1.05,0.10125,0.0975,0.105,2.622222222222222,0.2222222222222222,-0.17609125905568127,0.028952965460216782,1.2659963704950792,0.010592548339103704,0.021189299069938092,0.04187839646924214,0.0403273447481591,0.043429448190325175,0.41866949353078164,0.03680461711044507,52.32892069535411,0.07698677042937792,53.59835170494639,0.0017078825893032828,50.65525655628286,0.11125345084087253
36,50408,1.24,1.1e-06,2.1e-07,,,,,0.31,0.02,0.082,0.005,100.0,50.0,100.0,0.49,0.02,44.22358439307303,0.17814654332073238,2.0967589579692557e+28,1.7201708799156026e+27,6.077144506676673e+51,1.529802196119477e+51,,,,,75.0,0.13839285714285712,0.008928571428571428,0.21874999999999997,0.008928571428571428,0.18368000000000004,0.011200000000000002,224.00000000000003,168.00000000000003,112.00000000000001,224.00000000000003,1.3839285714285712,0.08928571428571427,9.184000000000001,0.56,0.7466666666666668,0.56,0.3733333333333334,0.7466666666666668,2.1874999999999996,0.08928571428571427,0.14111367550010978,0.02801899883246786,0.9630318750538983,0.026481370847759256,-0.12687323638549955,0.32572086142743883,0.21714724095162588,0.43429448190325176,0.33994806169435077,0.017726305383806196,51.783699563434055,0.10932513641040406,,,,
113,80707,1.23,1.68e-07,1.02e-08,1.26e-06,8.87e-08,,,,,0.093,0.032,73.0,20.0,20.0,,,44.2063814655457,0.1787553161206717,2.0802135532790877e+28,1.7124289937340086e+27,9.135556102176125e+50,1.6030874700637719e+50,3.072496446920222e+51,7.335422253389364e+49,,,20.0,,,,,0.20739,0.07136,162.79,44.6,44.6,44.6,,,10.369499999999999,3.568,0.5426333333333333,0.14866666666666667,0.14866666666666667,0.14866666666666667,,,,,1.0157578159381144,0.1494346604398286,-0.2654935315510459,0.11898478956253475,0.11898478956253475,0.11898478956253475,,,50.96073498899076,0.07620904895883679,51.4874913893343,0.010368550337204135,,
81,70208,1.17,1.39e-07,2.06e-08,1.06e-06,1.46e-07,,,,,0.083,0.211,51.0,10.0,10.0,,,44.10037221873461,0.1827277629693511,1.981098514185987e+28,1.6670794348234625e+27,6.8554632773106786e+50,1.5373374176261767e+50,2.4091738467491033e+51,6.870481821210427e+49,,,10.0,,,,,0.18011,0.45786999999999994,110.67,21.7,21.7,21.7,,,9.0055,22.893499999999996,0.3689,0.07233333333333333,0.07233333333333333,0.07233333333333333,,,,,0.9545078305606222,1.1040498274889894,-0.43309134477319655,0.08515578076534348,0.08515578076534348,0.08515578076534348,,,50.83603680879456,0.09739052348339002,51.3818681399567,0.01238520975559566,,
98,71122,1.14,6.76e-08,2.06e-08,1.41e-06,1.63e-07,,,,,0.391,0.392,73.0,30.0,30.0,,,44.04547247978673,0.18492641101312754,1.9316397080853228e+28,1.645018361832377e+27,3.1696317528203276e+50,1.1065272336008568e+50,3.089352410742592e+51,3.048915345897451e+49,,,30.0,,,,,0.8367399999999999,0.83888,156.21999999999997,64.19999999999999,64.19999999999999,64.19999999999999,,,41.836999999999996,41.943999999999996,0.5207333333333333,0.21399999999999997,0.21399999999999997,0.21399999999999997,,,,,1.6215605350810764,0.4354052094784519,-0.28338462125001573,0.1784771843438021,0.1784771843438021,0.1784771843438021,,,50.501008808902945,0.1516134078354443,51.4898674522675,0.004286099267629765,,
93,71003,1.1,4.71e-06,1.82e-07,6.73e-05,1.48e-06,,,0.38,0.05,0.072,0.007,799.0,61.0,75.0,0.88,0.07,43.97015950030247,0.18808778573850585,1.8657932972797838e+28,1.6161058662001513e+27,2.0604298277098606e+52,3.657108800102412e+51,1.4019505348789163e+53,1.7133502916227874e+51,,,68.0,0.18095238095238095,0.023809523809523808,0.41904761904761906,0.03333333333333333,0.1512,0.014700000000000001,1677.9,142.8,128.1,157.5,1.8095238095238093,0.23809523809523808,7.56,0.7350000000000001,5.593,0.47600000000000003,0.427,0.525,4.190476190476191,0.3333333333333333,0.2575643018828908,0.057144010776743664,0.8785217955012065,0.04222307462948282,0.7476448193282482,0.036961232502404406,0.03315639974480395,0.04076606526000486,0.6222633774162494,0.034546151969576847,52.3139578282965,0.07708402151067825,53.146732690657664,0.005307595087749441,,
106,080413B,1.1,3.17e-06,8.25e-08,8e-06,1.52e-07,,,0.23,0.01,0.004,0.003,73.0,10.0,10.0,0.5,0.03,43.97015950030247,0.18808778573850585,1.8657932972797838e+28,1.6161058662001513e+27,1.386743642004301e+52,2.4292869558777756e+51,1.666508808177018e+52,1.1508260173880687e+51,,,10.0,0.10952380952380952,0.0047619047619047615,0.23809523809523808,0.014285714285714285,0.008400000000000001,0.0063,153.3,21.0,21.0,21.0,1.0952380952380951,0.04761904761904761,0.42000000000000004,0.315,0.511,0.07,0.07,0.07,2.3809523809523805,0.14285714285714285,0.039508541283673565,0.01888236877840225,-0.3767507096020995,0.3257208614274388,-0.29157909986528724,0.059492394781267374,0.059492394781267374,0.059492394781267374,0.37675070960209944,0.02605766891419511,52.14199618338536,0.07607937674568362,52.22180761342563,0.029990683909379316,,
13,911,1.06,1.9e-05,1.9e-06,,,,,,,0.122,0.013,986.0,100.0,100.0,0.07,0.22,43.89227140056323,0.1915215551318762,1.8000555538055248e+28,1.587629838066443e+27,7.736335264609346e+52,1.5687069274146527e+52,,,,,100.0,,,0.03398058252427185,0.10679611650485436,0.25132,0.026779999999999998,2031.16,206.0,206.0,206.0,,,12.565999999999999,1.339,6.770533333333334,0.6866666666666666,0.6866666666666666,0.6866666666666666,0.33980582524271846,1.0679611650485437,,,1.0991970553799204,0.04627728085854323,0.8306228805907022,0.04404609349931559,0.04404609349931559,0.04404609349931559,-0.46876918035489656,1.364925514553077,52.88853528222474,0.08806246614158217,,,,
104,80411,1.03,1.04e-05,1.31e-07,8.75e-05,2.01e-07,,,0.21,0.01,0.167,0.003,259.0,16.0,21.0,0.65,0.01,43.832050044591156,0.19428233096543185,1.7508205580288444e+28,1.5664647527887234e+27,4.0061432834446894e+52,7.186357305117615e+51,1.6603710558043304e+53,3.5316300923417915e+51,,,18.5,0.10344827586206895,0.004926108374384236,0.32019704433497537,0.004926108374384236,0.33901000000000003,0.006090000000000001,525.7700000000001,37.55500000000001,32.480000000000004,42.63,1.0344827586206895,0.04926108374384235,16.9505,0.30450000000000005,1.752566666666667,0.12518333333333337,0.10826666666666668,0.1421,3.2019704433497536,0.04926108374384235,0.014723256820706286,0.02068068961444056,1.229182513396815,0.007801697279699134,0.2436745472748024,0.031021034421660845,0.026829002743058022,0.03521306610026365,0.5054173187296427,0.0066814535677423344,52.60272647818186,0.07790523458047935,53.22020515399218,0.00923749818370877,,
10,991216,1.02,4.1e-05,3.8e-07,0.000248,2.5e-05,0.003,0.000946,0.03,0.01,0.062,0.003,318.0,30.0,30.0,0.09,0.01,43.811615033225024,0.19523888278266024,1.734421446977833e+28,1.5594326876926485e+27,1.5498975474985995e+53,2.7907509369342835e+52,4.641084179904041e+53,1.5817385028556703e+52,1.3923252539712123e+51,4.416034328130163e+50,30.0,0.01485148514851485,0.0049504950495049506,0.04455445544554455,0.0049504950495049506,0.12524,0.00606,642.36,60.6,60.6,60.6,0.1485148514851485,0.0495049504950495,6.262,0.303,2.1412,0.202,0.202,0.202,0.4455445544554455,0.0495049504950495,-0.8282301147269614,0.14476482730108392,0.7967130632808964,0.021014249124350893,0.330657234711394,0.04097117753804262,0.04097117753804262,0.04097117753804262,-0.35110886000729896,0.048254942433694645,53.19030299105636,0.07819921608579643,53.66661944571622,0.014801289461169216,51.143740700435885,0.13774506604201245
21,21211,1.01,2.3e-06,1.7e-07,,,,,0.31,0.01,0.006,0.003,46.0,6.0,8.0,0.57,0.01,43.79099362578834,0.19621389553484928,1.7180284592483402e+28,1.552407735652272e+27,8.530969855822622e+51,1.6656757293750495e+51,,,,,7.0,0.15422885572139305,0.0049751243781094535,0.2835820895522388,0.0049751243781094535,0.01206,0.00603,92.46,14.069999999999999,12.059999999999999,16.08,1.5422885572139304,0.04975124378109453,0.603,0.3015,0.3082,0.0469,0.04019999999999999,0.053599999999999995,2.835820895522388,0.04975124378109453,0.18816563641378384,0.01400949941623393,-0.2196826878598487,0.21714724095162588,-0.5111673656175996,0.06608829072440789,0.05664710633520675,0.07552947511360901,0.45267879825200247,0.007619201436899156,51.93099840737955,0.08479619435227777,,,,
94,071010A,0.98,1.17e-07,2.67e-08,4.97e-07,6.05e-08,,,,,-0.076,0.153,27.0,10.0,10.0,,,43.72797423943759,0.1992516527865856,1.668885250457324e+28,1.5313486968911308e+27,4.094950709479946e+50,1.1991724108996849e+50,8.785247788187571e+50,4.55450129488943e+49,,,10.0,,,,,-0.15048,0.30294,53.46,19.8,19.8,19.8,,,-7.524,15.146999999999998,0.1782,0.066,0.066,0.066,,,,,,0.8743033648841778,-0.749092300299144,0.1608498081123155,0.1608498081123155,0.1608498081123155,,,50.612248678567816,0.1271795432601171,50.94375401529346,0.022514957208734143,,
4,980703,0.97,1.2e-06,3.6e-08,2.83e-05,2.9e-06,0.0184,0.00267,0.69,0.02,0.024,0.001,254.0,25.0,25.0,3.0,0.19,43.70656989916789,0.20030248087427438,1.6525157535815711e+28,1.5243251706796847e+27,4.1179619248271966e+51,7.696829281324658e+50,4.929709072445418e+52,4.411336145015239e+50,9.070664693299569e+50,1.3187326740405884e+50,25.0,0.350253807106599,0.010152284263959392,1.5228426395939088,0.09644670050761421,0.04728,0.00197,500.38,49.25,49.25,49.25,3.5025380710659895,0.10152284263959391,2.364,0.09849999999999999,1.6679333333333333,0.16416666666666666,0.16416666666666666,0.16416666666666666,15.228426395939087,0.964467005076142,0.5443828645756623,0.012588245852268169,0.37364747220921773,0.01809560341263549,0.22217868806186852,0.0427455198723673,0.0427455198723673,0.0427455198723673,1.1826550285580695,0.027505317187205943,51.6146823267614,0.08117341894002435,52.69282129007647,0.003886271821412223,50.95763911308601,0.06313962017187227
2,970828,0.96,1e-05,1.1e-06,0.000123,1.2e-05,0.00532,0.00144,,,0.052,0.005,298.0,30.0,30.0,0.36,0.14,43.68495991135661,0.20137277450523783,1.636151861451068e+28,1.5172950777933615e+27,3.364008508594183e+52,7.254065954775357e+51,2.111086972230023e+53,3.596837520047623e+51,1.1230982692263724e+51,3.045981640625285e+50,30.0,,,0.1836734693877551,0.07142857142857144,0.10192,0.0098,584.08,58.8,58.8,58.8,,,5.096,0.49,1.9469333333333334,0.19599999999999998,0.19599999999999998,0.19599999999999998,1.836734693877551,0.7142857142857143,,,0.707229419327294,0.04175908479838959,0.28935108071306886,0.04372092099697165,0.04372092099697165,0.04372092099697165,0.26404642941081125,0.16889229851793125,52.52685708558926,0.09365020354356154,53.32450612567218,0.007399442599037815,51.05041775796723,0.11778604372824832
95,071010B,0.95,9.2e-07,2.18e-08,8.37e-06,1.16e-07,,,0.84,0.04,0.01,0.003,52.0,8.0,6.0,1.21,0.03,43.663140062422805,0.20246274647917034,1.6197934594396528e+28,1.510255580913441e+27,3.033311232752934e+51,5.7018538041473065e+50,1.415207080163994e+52,2.908702494540733e+50,,,7.0,0.43076923076923074,0.020512820512820513,0.6205128205128205,0.015384615384615384,0.0195,0.00585,101.39999999999999,13.65,15.6,11.7,4.3076923076923075,0.20512820512820512,0.975,0.2925,0.33799999999999997,0.0455,0.052,0.039,6.205128205128205,0.15384615384615383,0.6342446746993636,0.020680689614440563,-0.010995384301463193,0.13028834457097555,-0.4710832997223453,0.058462718717745436,0.06681453567742335,0.05011090175806752,0.7927507589539321,0.010767631782725249,51.481916973361294,0.08163631931408655,52.15081999264648,0.008926138517699335,,
49,051016B,0.94,1.92e-07,1.43e-08,4.31e-07,3.39e-08,,,,,0.008,0.03,24.0,7.0,7.0,,,43.641106005688144,0.2035726139949676,1.6034404289601641e+28,1.5032038080619632e+27,6.203213831517331e+50,1.2514879937193606e+50,7.177795214196653e+50,6.501437403658404e+49,,,7.0,,,,,0.015519999999999999,0.058199999999999995,46.56,13.58,13.58,13.58,,,0.7759999999999999,2.9099999999999997,0.1552,0.04526666666666667,0.04526666666666667,0.04526666666666667,,,,,-0.11013827874181162,1.6286043071371943,-0.8091082830778303,0.12666922388844845,0.12666922388844845,0.12666922388844845,,,50.792616752025424,0.08761818383222555,50.85599106355238,0.03933712657702596,,
101,080319B,0.94,1.55e-05,1.91e-07,0.000525,3.94e-06,,,0.02,0.01,0.031,0.003,651.0,8.0,8.0,0.14,0.01,43.641106005688144,0.2035726139949676,1.6034404289601641e+28,1.5032038080619632e+27,5.007802832735346e+52,9.409751597434627e+51,8.743254031214021e+53,4.8438215318043945e+51,,,8.0,0.010309278350515464,0.005154639175257732,0.07216494845360825,0.005154639175257732,0.06014,0.00582,1262.94,15.52,15.52,15.52,0.10309278350515463,0.05154639175257732,3.0069999999999997,0.291,4.2098,0.05173333333333333,0.05173333333333333,0.05173333333333333,0.7216494845360825,0.05154639175257732,-0.9867717342662449,0.2171472409516259,0.4781334281005175,0.042028498248701786,0.6242614637787556,0.005336952158565306,0.005336952158565306,0.005336952158565306,-0.14167369425198803,0.03102103442166084,52.699647221492164,0.0816047143096885,53.94167309679761,0.002406020636111735,,
90,070714B,0.92,3.24e-06,1.46e-07,8.91e-06,6.77e-07,,,0.03,0.01,0.164,0.021,1120.0,230.0,473.0,0.45,0.04,43.59637718173016,0.20585292744573938,1.5707499872338906e+28,1.4890517684702504e+27,1.0045440923496822e+52,1.9576446251647204e+51,1.43880013227168e+52,1.068667353330684e+51,,,351.5,0.015625,0.005208333333333334,0.23437500000000003,0.020833333333333336,0.31488,0.04032,2150.4,674.88,441.59999999999997,908.16,0.15625,0.052083333333333336,15.744,2.016,7.168,2.2496,1.472,3.0272,2.34375,0.20833333333333334,-0.8061799739838872,0.14476482730108392,1.1971150810872664,0.05561087878029444,0.8553979966540688,0.13629866999017232,0.08918547396227493,0.18341186601806975,0.36991128507179405,0.03860395394695571,52.00196900394529,0.08463483730693673,52.15800046907201,0.03225717902936865,,
29,40924,0.86,2.6e-06,2.8e-07,,,,,0.9,0.01,0.06,0.003,67.0,6.0,6.0,0.33,0.17,43.456551702602795,0.21319546001584905,1.4727938738494542e+28,1.4459910522823878e+27,7.087076979254997e+51,1.5871728568000312e+51,,,,,6.0,0.48387096774193555,0.005376344086021506,0.1774193548387097,0.09139784946236561,0.11159999999999999,0.00558,124.61999999999999,11.16,11.16,11.16,4.838709677419355,0.053763440860215055,5.579999999999999,0.27899999999999997,0.4154,0.037200000000000004,0.037200000000000004,0.037200000000000004,1.7741935483870968,0.913978494623656,0.6847295652214086,0.004825494243369465,0.7466341989375787,0.021714724095162587,-0.3815335078009197,0.03889204315551509,0.03889204315551509,0.03889204315551509,0.24900099565997116,0.22372746037440247,51.850467150058556,0.09726159537317933,,,,
12,210,0.85,2e-05,2.1e-06,,,,,,,0.018,0.002,408.0,14.0,14.0,0.45,0.03,43.4323691115835,0.21449498431031905,1.456483103629056e+28,1.4386934832423437e+27,5.331516545941206e+52,1.1928050289175678e+52,,,,,14.0,,,0.24324324324324323,0.016216216216216214,0.033299999999999996,0.0037,754.8000000000001,25.900000000000002,25.900000000000002,25.900000000000002,,,1.6649999999999998,0.185,2.516,0.08633333333333335,0.08633333333333335,0.08633333333333335,2.432432432432432,0.16216216216216212,,,0.22141423784233863,0.048254942433694645,0.4007106367732313,0.014902261633935113,0.014902261633935113,0.014902261633935113,0.3860407853723298,0.028952965460216785,52.726850761344,0.0971634688894879,,,,
1,970508,0.84,3.3e-06,3.3e-07,8.09e-06,8.1e-07,0.0795,0.0204,0.49,0.02,0.018,0.004,389.0,40.0,40.0,0.65,0.07,43.407920094091004,0.21581686283181467,1.4401762587975163e+28,1.431352849506294e+27,8.601121816469402e+51,1.9138486015883254e+51,1.145966328972949e+52,1.0403949162721267e+51,9.110432315334945e+50,2.4797766438260053e+50,40.0,0.266304347826087,0.010869565217391306,0.3532608695652174,0.038043478260869575,0.03312,0.007359999999999999,715.76,73.6,73.6,73.6,2.6630434782608696,0.10869565217391305,1.6559999999999997,0.36799999999999994,2.385866666666667,0.24533333333333332,0.24533333333333332,0.24533333333333332,3.532608695652174,0.38043478260869573,0.4253782570189772,0.017726305383806196,0.21906033244886125,0.09650988486738929,0.3776461696155818,0.04465753027282794,0.04465753027282794,0.04465753027282794,0.5480955336333191,0.04677017497419635,51.93455509856091,0.09663552087781567,52.059171857285754,0.039428538144059735,50.959538985942224,0.11821099981758718
82,70318,0.84,4.1e-07,2.12e-08,7.34e-06,2.01e-07,,,,,0.037,0.008,154.0,19.0,19.0,0.72,0.24,43.407920094091004,0.21581686283181467,1.4401762587975163e+28,1.431352849506294e+27,1.068624225682562e+51,2.1948464267976514e+50,1.0397271761015384e+52,1.1653353129446794e+50,,,19.0,,,0.391304347826087,0.13043478260869565,0.06807999999999999,0.014719999999999999,283.35999999999996,34.959999999999994,34.959999999999994,34.959999999999994,,,3.4039999999999995,0.7359999999999999,0.9445333333333332,0.11653333333333331,0.11653333333333331,0.11653333333333331,3.9130434782608696,1.3043478260869563,,,0.5319895514125502,0.09390150960070309,-0.024782710873662957,0.05358178672832327,0.05358178672832327,0.05358178672832327,0.592514673421732,0.14476482730108392,51.02882501540275,0.08919970826737024,52.016919395589554,0.004867610538723173,,
8,990705,0.84,6.6e-06,2.6e-07,0.000134,1.5e-05,0.00348,0.00096,,,0.097,0.004,189.0,15.0,15.0,0.62,0.37,43.407920094091004,0.21581686283181467,1.4401762587975163e+28,1.431352849506294e+27,1.7202243632938804e+52,3.485874741008539e+51,1.898139531302536e+53,2.132771214587763e+51,6.605525568932825e+50,1.8237248567739186e+50,15.0,,,0.33695652173913043,0.20108695652173914,0.17848,0.007359999999999999,347.76,27.599999999999998,27.599999999999998,27.599999999999998,,,8.924,0.36799999999999994,1.1592,0.092,0.092,0.092,3.369565217391304,2.010869565217391,,,0.9505595616118001,0.017909050800134094,0.06415837246311817,0.0344678160240676,0.0344678160240676,0.0344678160240676,0.5275738664887174,0.25917573920032766,52.23558509422489,0.08800573907272954,53.27832813403829,0.004879782304633593,50.81990737798487,0.119904712129465
70,60814,0.84,1.83e-06,4.44e-08,4.94e-05,4.91e-07,,,0.29,0.03,0.04,0.003,257.0,35.0,74.0,1.65,0.24,43.407920094091004,0.21581686283181467,1.4401762587975163e+28,1.431352849506294e+27,4.76971300731485e+51,9.551346541891302e+50,6.997618869130244e+52,5.159144950088766e+50,,,54.5,0.15760869565217392,0.016304347826086956,0.8967391304347826,0.13043478260869565,0.0736,0.00552,472.87999999999994,100.27999999999999,64.39999999999999,136.16,1.576086956521739,0.16304347826086954,3.6799999999999997,0.27599999999999997,1.5762666666666665,0.3342666666666666,0.21466666666666664,0.45386666666666664,8.967391304347826,1.3043478260869563,0.1975801748894196,0.0449270153693019,0.5658478186735176,0.03257208614274388,0.1976296916211685,0.09209746795224599,0.05914516290511211,0.1250497729993799,0.9526661212043698,0.0631701064586548,51.67849224841345,0.08696743580856041,52.84495028459713,0.003201929434949446,,
45,50824,0.83,7.92e-08,1.44e-08,7.41e-07,8.81e-08,,,,,0.289,0.64,15.0,5.0,5.0,,,43.383198381607926,0.21716137532252516,1.4238731638785174e+28,1.4239658454678554e+27,2.01779785153025e+50,5.454143749586187e+49,1.031619616923273e+51,2.565600788829459e+49,,,5.0,,,,,0.52887,1.1712,27.450000000000003,9.15,9.15,9.15,,,26.443499999999997,58.56,0.09150000000000001,0.030500000000000003,0.030500000000000003,0.030500000000000003,,,,,1.422318936822996,0.9617594062909384,-1.0385789059335517,0.14476482730108392,0.14476482730108392,0.14476482730108392,,,50.304877655279284,0.11739057667030536,51.01351959193869,0.010800747165688443,,
85,70508,0.82,7.67e-06,1.18e-07,7.26e-05,6.15e-07,,,0.04,0.01,0.106,0.003,233.0,7.0,7.0,0.2,0.01,43.35819747784258,0.21852880872168623,1.4075736367197585e+28,1.416529119469419e+27,1.909622293592656e+52,3.854755726445632e+51,9.931557123861116e+52,2.1137069399924904e+51,,,7.0,0.02197802197802198,0.005494505494505495,0.1098901098901099,0.005494505494505495,0.19291999999999998,0.00546,424.05999999999995,12.739999999999998,12.739999999999998,12.739999999999998,0.21978021978021978,0.054945054945054944,9.645999999999999,0.27299999999999996,1.413533333333333,0.04246666666666666,0.04246666666666666,0.04246666666666666,1.098901098901099,0.054945054945054944,-0.6580113966571124,0.10857362047581294,0.9843472575858638,0.012291353261412785,0.15030605429143126,0.013047473705247907,0.013047473705247907,0.013047473705247907,0.04095860767890644,0.021714724095162587,52.28094747613263,0.08766650592095585,52.997017344898666,0.009242974177673202,,
50,51022,0.8,1.1e-05,8.7e-07,0.00034,1.2e-05,0.0029,0.0001,,,0.088,0.008,510.0,20.0,22.0,0.19,0.04,43.30733090419426,0.22133362392723369,1.3749845218318388e+28,1.4014928567694372e+27,2.6133535514559147e+52,5.714380626973768e+51,4.487576805530359e+53,3.003738142682767e+51,1.301397273603804e+51,4.5713382097063064e+49,21.0,,,0.10555555555555556,0.022222222222222223,0.15839999999999999,0.014400000000000001,918.0,37.800000000000004,36.0,39.6,,,7.919999999999999,0.7200000000000001,3.06,0.126,0.12,0.132,1.0555555555555556,0.2222222222222222,,,0.8987251815894934,0.03948131653665926,0.48572142648158,0.017882713960722132,0.017031156153068695,0.01873427176837557,0.0234810958495229,0.09143041724278984,52.417198167882546,0.09496319288321968,53.65201189466327,0.002906929411975326,51.11440989256223,0.01525519531704001
28,30528,0.78,1.6e-07,3.2e-08,,,,,12.56,0.14,0.017,0.01,32.0,5.0,5.0,2.13,0.42,43.25526340161885,0.22423375992506284,1.3424073112979917e+28,1.3862162717061645e+27,3.62325136382008e+50,1.0416666243705607e+50,,,,,5.0,7.056179775280899,0.07865168539325844,1.196629213483146,0.23595505617977527,0.030260000000000002,0.0178,56.96,8.9,8.9,8.9,70.56179775280899,0.7865168539325843,1.5130000000000001,0.89,0.18986666666666666,0.029666666666666668,0.029666666666666668,0.029666666666666668,11.966292134831459,2.359550561797753,1.8485696370922833,0.004840862059431151,0.17983892802318674,0.25546734229603046,-0.7215512740908625,0.0678585127973831,0.0678585127973831,0.0678585127973831,1.0779596011298438,0.08563553164289474,50.55909846435008,0.12485748890188957,,,,
107,80430,0.77,4.6e-07,2.15e-08,3.01e-06,1.53e-07,,,0.68,0.08,0.009,0.004,80.0,15.0,15.0,0.76,0.12,43.228760296019786,0.2257203761418715,1.326122634436865e+28,1.3784789460991647e+27,1.0165648083618323e+51,2.1661504134189696e+50,3.758118488294173e+51,1.2291818529678601e+50,,,15.0,0.384180790960452,0.04519774011299435,0.4293785310734463,0.06779661016949153,0.01593,0.00708,141.6,26.55,26.55,26.55,3.84180790960452,0.4519774011299435,0.7965,0.35400000000000004,0.472,0.08850000000000001,0.08850000000000001,0.08850000000000001,4.293785310734463,0.6779661016949152,0.5845356463444297,0.051093468459206086,-0.0988142198628497,0.1930197697347786,-0.32605800136591223,0.08143021535685972,0.08143021535685972,0.08143021535685972,0.6328403259189846,0.0685728129320924,51.007135071136105,0.09254178029596515,51.574970468686566,0.014204631856667784,,
76,061110A,0.76,9.79e-08,1.35e-08,2.71e-06,1.18e-07,,,,,-0.038,0.05,90.0,13.0,13.0,,,43.20193355509887,0.22723180400536322,1.3098402736031761e+28,1.3706707348680206e+27,2.1107132424955346e+50,5.290140373949121e+49,3.3197330805801944e+51,2.56367407899323e+49,,,13.0,,,,,-0.06688,0.08800000000000001,158.4,22.88,22.88,22.88,,,-3.344,4.4,0.528,0.07626666666666666,0.07626666666666666,0.07626666666666666,,,,,,0.5714401077674367,-0.27736607746618774,0.06273142516380303,0.06273142516380303,0.06273142516380303,,,50.3244292348893,0.10884845589841267,51.52110316614642,0.003353852490184459,,
9,991208,0.71,2.1e-05,2.1e-06,,,,,,,0.023,0.003,190.0,20.0,20.0,0.27,0.01,43.06263724158754,0.23517360208733196,1.2284545036555887e+28,1.33043399197252e+27,3.9824223116070444e+52,9.500962394568781e+51,,,,,20.0,,,0.15789473684210528,0.0058479532163742695,0.03933,0.00513,324.9,34.2,34.2,34.2,,,1.9665,0.2565,1.083,0.114,0.114,0.114,1.5789473684210527,0.058479532163742694,,,0.2936939507457655,0.05664710633520676,0.034628456625320346,0.04571520862139493,0.04571520862139493,0.04571520862139493,0.1983676537668335,0.01608498081123155,52.60014731241555,0.10361069765768907,,,,
30,41006,0.71,2.5e-06,1.4e-07,1.75e-05,1.8e-06,0.00113,0.00034,,,0.05,0.002,63.0,13.0,13.0,1.28,0.01,43.06263724158227,0.23517360208733196,1.2284545036526103e+28,1.3304339919692943e+27,4.74097894236635e+51,1.0606748492496237e+51,1.9407516138341782e+52,6.64801912957042e+50,2.1930493236326213e+49,6.641180261175733e+48,13.0,,,0.7485380116959065,0.0058479532163742695,0.0855,0.00342,107.73,22.23,22.23,22.23,,,4.275,0.17099999999999999,0.35910000000000003,0.0741,0.0741,0.0741,7.485380116959065,0.058479532163742694,,,0.6309361190641914,0.017371779276130067,-0.44478459487392685,0.08961632166257576,0.08961632166257576,0.08961632166257576,0.8742138592557146,0.003392925639869155,51.675868026351566,0.09716247208066159,52.287969955973665,0.014876700361751602,49.34104839945709,0.1315167839442804
0,970228,0.7,7.3e-06,4.3e-07,,,,,,,0.016,0.01,115.0,38.0,38.0,,,43.0336786230265,0.2368415390765109,1.212180666793851e+28,1.3221201130812584e+27,1.3479302828983084e+52,3.045677312623495e+51,,,,,38.0,,,,,0.0272,0.017,195.5,64.6,64.6,64.6,,,1.3599999999999999,0.8500000000000001,0.6516666666666666,0.21533333333333332,0.21533333333333332,0.21533333333333332,,,,,0.13353890837021748,0.27143405118953245,-0.18597449298777685,0.14350600271585712,0.14350600271585712,0.14350600271585712,,,52.12966743037767,0.098129767341246,,,,
18,20405,0.7,7.4e-06,3.1e-07,0.00011,2.1e-06,0.00598,0.00196,,,0.104,0.007,364.0,90.0,90.0,0.48,0.09,43.0336786230265,0.2368415390765109,1.212180666793851e+28,1.3221201130812584e+27,1.3663950812941756e+52,3.0351078480476294e+51,1.1947810726737623e+53,1.7600206798299277e+51,7.1447908145890985e+50,2.344134885481967e+50,90.0,,,0.2823529411764706,0.052941176470588235,0.17679999999999998,0.011899999999999999,618.8,153.0,153.0,153.0,,,8.84,0.595,2.0626666666666664,0.51,0.51,0.51,2.8235294117647056,0.5294117647058824,,,0.9464522650130731,0.029231359358872718,0.31442905030766743,0.10738050376728754,0.10738050376728754,0.10738050376728754,0.45079231599731323,0.08143021535685972,52.135576289988194,0.09646774995266205,53.07728833403717,0.006397550871601895,50.85398951802558,0.14248770496162913
71,060904B,0.7,4.37e-07,2.28e-08,4.05e-06,2.17e-07,,,0.36,0.09,0.003,0.008,80.0,12.0,770.0,1.0,0.16,43.0336786230265,0.2368415390765109,1.212180666793851e+28,1.3221201130812584e+27,8.069116898993982e+50,1.8098364092988064e+50,4.3989666766624894e+51,1.0661821829069706e+50,,,391.0,0.21176470588235294,0.052941176470588235,0.5882352941176471,0.09411764705882353,0.0051,0.0136,136.0,664.6999999999999,20.4,1309.0,2.1176470588235294,0.5294117647058824,0.255,0.6799999999999999,0.4533333333333333,2.2156666666666665,0.06799999999999999,4.363333333333333,5.88235294117647,0.9411764705882353,0.3258535793890133,0.10857362047581294,-0.5934598195660449,1.1581186184086711,-0.34358234634944496,2.122614280302143,0.06514417228548776,4.180084388318798,0.769551078621726,0.0694871171045203,50.90682600722764,0.09740867254061739,51.64335067209361,0.010526041063156417,,
37,050416A,0.65,5.41e-07,3.24e-08,9.28e-07,5.68e-08,0.0145,0.00838,,,0.021,0.03,15.0,3.0,2.0,0.54,0.06,42.88279238868452,0.24560184711740465,1.1308112129840324e+28,1.278990796442223e+27,8.693353536391228e+50,2.034256047683689e+50,9.037620659576609e+50,1.2346776788969033e+50,1.3104549956386084e+49,7.782249654898415e+48,2.5,,,0.3272727272727273,0.03636363636363636,0.03465,0.049499999999999995,24.75,4.125,4.949999999999999,3.3,,,1.7325,2.4749999999999996,0.0825,0.01375,0.016499999999999997,0.011,3.272727272727273,0.3636363636363636,,,0.23867324328384434,0.6204206884332167,-1.083546051450075,0.07238241365054196,0.08685889638065035,0.05790593092043357,0.5149098156090622,0.04825494243369464,50.939187341627,0.10162547428780719,50.95605410852538,0.05933129117406001,49.11742211076036,0.2579095118233217
89,070612A,0.62,2.77e-07,4.24e-08,2.72e-05,9.37e-07,,,,,0.032,0.023,87.0,17.0,17.0,2.49,1.48,42.78693097521201,0.2512110946396085,1.081976488403436e+28,1.2517059707274706e+27,4.074978110564664e+50,1.1304954897063078e+50,2.4700139191371137e+52,5.884177280015471e+49,,,17.0,,,1.537037037037037,0.9135802469135802,0.051840000000000004,0.03726,140.94,27.540000000000003,27.540000000000003,27.540000000000003,,,2.592,1.863,0.4698,0.0918,0.0918,0.0918,15.370370370370368,9.135802469135802,,,0.41363499719855573,0.31214915886796224,-0.328086987558413,0.08486214014201472,0.08486214014201472,0.08486214014201472,1.1866843325531053,0.2581348727778364,50.61012528019587,0.12048358044503242,52.39269940062299,0.001034595677154703,,
39,050525A,0.61,4.74e-06,6.5e-08,2.44e-05,2.14e-07,0.00247,0.000846,0.12,0.01,0.093,0.003,81.0,1.0,1.0,0.32,0.01,42.75400380553679,0.25314267461788953,1.0656936784751533e+28,1.2423484954739764e+27,6.764769215307838e+51,1.5799520619649397e+51,2.162910722193978e+52,9.803365755388213e+50,5.342389483819125e+49,1.8457745183821888e+49,1.0,0.07453416149068323,0.006211180124223603,0.1987577639751553,0.006211180124223603,0.14972999999999997,0.00483,130.41,1.6099999999999999,1.6099999999999999,1.6099999999999999,0.7453416149068323,0.062111801242236024,7.486499999999999,0.2415,0.4347,0.005366666666666666,0.005366666666666666,0.005366666666666666,1.9875776397515528,0.062111801242236024,-0.1276446299842249,0.03619120682527098,0.8742788289218035,0.014009499416233931,-0.361810359809163,0.005361660270410516,0.005361660270410516,0.005361660270410516,0.2983241022880563,0.013571702559476618,51.83025298493542,0.10143205781955315,52.335038593568214,0.01968434299186285,49.72773554682788,0.1500470324372472
32,50223,0.59,1.18e-07,1.66e-08,1.68e-06,1.04e-07,,,,,0.111,0.094,62.0,10.0,10.0,,,42.68659253411756,0.257101842953552,1.0331184924641077e+28,1.2232099622259953e+27,1.5826764566764896e+50,4.3592413656738365e+49,1.4171711156681075e+51,2.436301298836877e+49,,,10.0,,,,,0.17648999999999998,0.14945999999999998,98.57999999999998,15.899999999999999,15.899999999999999,15.899999999999999,,,8.824499999999999,7.472999999999999,0.32859999999999995,0.053,0.053,0.053,,,,,0.9456901074431276,0.36778091260275375,-0.48333244090095717,0.07004749708116965,0.07004749708116965,0.07004749708116965,,,50.199392141999766,0.11961980368192998,51.15142229209905,0.007466086477777006,,
86,70521,0.55,2.09e-06,5.26e-08,2.97e-05,4e-07,,,0.04,0.01,0.116,0.004,222.0,12.0,16.0,0.58,0.06,42.54502922242099,0.2654207645391772,9.679155632501837e+27,1.1830907345696509e+27,2.4605437764074358e+51,6.046876053147235e+50,2.2558465861799922e+52,3.886584003037158e+50,,,14.0,0.025806451612903226,0.0064516129032258064,0.37419354838709673,0.038709677419354833,0.17980000000000002,0.006200000000000001,344.1,21.7,18.6,24.8,0.25806451612903225,0.06451612903225806,8.99,0.31000000000000005,1.147,0.07233333333333333,0.062000000000000006,0.08266666666666667,3.741935483870967,0.3870967741935483,-0.5882717068423291,0.10857362047581294,0.9537596917332288,0.014975671789767305,0.059563417901267686,0.02738794030020507,0.023475377400175773,0.031300503200234364,0.5730962953926457,0.0449270153693019,51.39103109612607,0.1067294525630868,52.353309561161936,0.007482432521401129,,
69,60729,0.54,1.93e-07,1.3e-08,6.43e-06,3.16e-07,,,,,0.092,0.041,61.0,9.0,9.0,,,42.50811537524672,0.26758764249497674,9.516005920382637e+27,1.1726446898630812e+27,2.196223732055e+50,5.611265609011979e+49,4.751267948695798e+51,3.583971714886134e+49,,,9.0,,,,,0.14168,0.06314,93.94,13.86,13.86,13.86,,,7.084,3.157,0.3131333333333333,0.0462,0.0462,0.0462,,,,,0.8502785525180371,0.1935442799786231,-0.5042706988724324,0.064076235034906,0.064076235034906,0.064076235034906,,,50.34167658015308,0.11096053898876473,51.67680952323306,0.0032759658177132158,,
16,10921,0.45,1.8e-06,1.6e-07,,,,,1.0,0.04,0.008,0.006,89.0,14.0,22.0,4.31,0.71,42.14310151189502,0.28881195732869913,8.043627141751278e+27,1.0698251051455702e+27,1.4634781101921378e+51,4.104533979904584e+50,,,,,18.0,0.6896551724137931,0.027586206896551727,2.972413793103448,0.4896551724137931,0.0116,0.0087,129.04999999999998,26.099999999999998,20.3,31.9,6.8965517241379315,0.27586206896551724,0.58,0.43499999999999994,0.4301666666666666,0.087,0.06766666666666667,0.10633333333333334,29.72413793103448,4.896551724137931,0.8386319977650252,0.01737177927613007,-0.23657200643706275,0.32572086142743883,-0.36636324583977486,0.08783483903661274,0.06831598591736546,0.10735369215586002,1.4731092679257567,0.07154271047594171,51.165386230907934,0.12180410802474671,,,,
61,60512,0.44,1.32e-07,1.83e-08,6.04e-07,6.34e-08,,,,,0.043,0.173,22.0,6.0,6.0,,,42.09831414771078,0.2913770699235071,7.879423766110836e+27,1.0572933828647987e+27,1.0298470074176448e+50,3.110777826940699e+49,3.272451559765664e+50,2.0608798862577516e+49,,,6.0,,,,,0.061919999999999996,0.24911999999999998,31.68,8.64,8.64,8.64,,,3.0959999999999996,12.456,0.1056,0.028800000000000003,0.028800000000000003,0.028800000000000003,,,,,0.49080095201085494,1.747277799285176,-0.9763360818022065,0.11844394960997777,0.11844394960997777,0.11844394960997777,,,50.01277271133678,0.13118391711939514,50.51487322665681,0.02735040522742633,,
46,50826,0.3,7.66e-08,1.59e-08,1.12e-06,1.19e-07,,,,,0.063,0.105,105.0,47.0,47.0,1.11,2.28,41.34002481303413,0.3325953160430167,5.556951304942121e+27,8.511349107652755e+26,2.9724312320420727e+49,1.0999003972351174e+49,3.343164269820367e+50,7.413578727137299e+48,,,47.0,,,0.8538461538461539,1.7538461538461536,0.0819,0.1365,136.5,61.1,61.1,61.1,,,4.095,6.825,0.455,0.20366666666666666,0.20366666666666666,0.20366666666666666,8.538461538461538,17.538461538461537,,,0.6122539060964373,0.7238241365054198,-0.34198860334288755,0.19439848237574128,0.19439848237574128,0.19439848237574128,0.9313796264798206,0.8920643412066792,49.47311181589287,0.1607036919855796,50.52415771662361,0.009630625576541173,,
26,30329,0.17,2e-05,1e-06,0.000231,2e-06,0.00489,0.000862,0.15,0.01,0.065,0.002,68.0,2.0,2.0,0.66,0.01,40.218803776274044,0.3848393234665565,3.3158309715902766e+27,5.876483358683458e+26,2.7632783044153417e+51,9.89141260609539e+50,2.72785165948694e+52,8.373815967309662e+50,1.3339194614891137e+50,2.3867957054489055e+49,2.0,0.12820512820512822,0.008547008547008548,0.5641025641025642,0.008547008547008548,0.07604999999999999,0.00234,79.56,2.34,2.34,2.34,1.2820512820512822,0.08547008547008547,3.8024999999999998,0.117,0.2652,0.0078,0.0078,0.0078,5.641025641025641,0.08547008547008547,0.10790539730951963,0.028952965460216785,0.580069222725036,0.01336290713548467,-0.5764264802672645,0.012773367114801523,0.012773367114801523,0.012773367114801523,0.7513580737957071,0.006580219422776542,51.441424627220215,0.15545976336120076,52.435820749702216,0.013331744247998902,50.12512960882584,0.07770875485613404
